name,team,opp,salary,fppg,played,injury,inj_details,game,is_home,is_dome,team_implied,game_ou,spread,is_fav,fav_margin,opp_softness_rank,opp_tier,opp_fd_fpa,opp_rush_yds_allowed,opp_rush_td_allowed,rush_yds_ou,rush_att_ou,rec_ou,atd_prob,atd_odds,vegas_implied_fd,value_fd,composite_proj,salary_efficiency,vegas_grade,vegas_takeaway
Jahmyr Gibbs,DET,NO,9100,20.02,17,,,NO@DET,True,True,28.25,49.5,-7.0,True,7.0,19,NEUTRAL,18.6,100.7,0.61,113.0,21.0,4.0,0.72,-257,20.6,2.26,21.73,2.39,VERY_ELITE,Bellcow smash spot: 21.0 Carries O/U + 72% TD probability
Bijan Robinson,ATL,PIT,8800,20.72,17,,,ATL@PIT,False,False,19.5,42.5,3.5,False,-3.5,26,TOUGH,16.8,97.8,0.25,69.0,18.5,5.0,0.68,-213,17.2,1.95,15.77,1.79,VERY_ELITE,Bellcow smash spot: 18.5 Carries O/U + 68% TD probability
Jonathan Taylor,IND,BAL,8600,20.84,17,,,BAL@IND,True,True,22.0,47.5,3.5,False,-3.5,15,NEUTRAL,19.6,78.0,0.62,79.5,19.0,5.0,0.72,-257,18.5,2.15,18.73,2.18,VERY_ELITE,Bellcow smash spot: 19.0 Carries O/U + 72% TD probability
De'Von Achane,MIA,LV,8500,18.83,16,,,MIA@LV,False,True,19.0,41.5,3.5,False,-3.5,13,NEUTRAL,21.1,100.9,0.92,61.5,17.0,4.5,0.663,-197,15.75,1.85,16.27,1.91,VERY_ELITE,Bellcow smash spot: 17.0 Carries O/U + 66% TD probability
Derrick Henry,BAL,IND,8300,17.41,17,,,BAL@IND,False,True,25.5,47.5,-3.5,True,3.5,20,NEUTRAL,18.4,91.2,0.72,85.0,17.5,3.5,0.688,-221,16.95,2.04,17.93,2.16,VERY_ELITE,Bellcow smash spot: 17.5 Carries O/U + 68% TD probability
Saquon Barkley,PHI,WAS,8100,14.14,17,,,WAS@PHI,True,False,25.0,44.5,-5.5,True,5.5,3,SMASH,24.9,121.1,1.05,69.0,14.5,3.0,0.559,-127,14.0,1.73,17.52,2.16,VERY_ELITE,Bellcow smash spot: 14.5 Carries O/U + 55% TD probability
Bucky Irving,TB,CIN,7900,12.65,10,,,TB@CIN,False,False,23.5,50.5,3.5,False,-3.5,4,SMASH,24.6,113.2,0.7,51.5,11.5,3.0,0.5,-100,11.9,1.51,13.78,1.74,ELITE,High-volume RB1/RB2: 51.5 Rush Yds + 3.0 Rec O/U in favorable script
James Cook III,BUF,HOU,7800,17.63,19,,,BUF@HOU,False,True,23.0,44.5,-1.5,True,1.5,27,LOCKDOWN,17.4,73.5,0.65,74.5,17.0,4.0,0.697,-230,16.6,2.13,15.03,1.93,VERY_ELITE,Bellcow smash spot: 17.0 Carries O/U + 69% TD probability
Chase Brown,CIN,TB,7500,15.12,17,,,TB@CIN,True,False,27.0,50.5,-3.5,True,3.5,16,NEUTRAL,19.4,78.1,0.5,77.0,15.0,3.0,0.598,-149,15.0,2.0,16.57,2.21,VERY_ELITE,Bellcow smash spot: 15.0 Carries O/U + 59% TD probability
Omarion Hampton,LAC,ARI,7300,12.26,10,,,ARI@LAC,True,False,28.75,47.5,-10.0,True,10.0,2,SMASH,25.3,117.9,1.03,74.0,13.5,2.5,0.485,106,13.45,1.84,17.12,2.35,ELITE,High-volume RB1/RB2: 74.0 Rush Yds + 2.5 Rec O/U in favorable script
Ashton Jeanty,LV,MIA,7000,13.15,17,Q,Ankle,MIA@LV,True,True,22.5,41.5,-3.5,True,3.5,8,FAVORABLE,21.9,102.7,0.72,56.0,13.0,2.5,0.52,-108,11.85,1.69,14.62,2.09,ELITE,High-volume RB1/RB2: 56.0 Rush Yds + 2.5 Rec O/U in favorable script
Breece Hall,NYJ,TEN,6900,12.6,16,Q,Groin,NYJ@TEN,False,False,19.0,39.5,1.5,False,-1.5,21,TOUGH,18.7,84.9,0.91,41.5,11.5,3.0,0.498,101,10.9,1.58,10.22,1.48,ELITE,High-volume RB1/RB2: 41.5 Rush Yds + 3.0 Rec O/U in favorable script
Travis Etienne Jr.,NO,DET,6800,14.56,18,,,NO@DET,False,True,21.25,49.5,7.0,False,-7.0,23,TOUGH,18.5,94.0,0.75,50.5,12.5,3.5,0.575,-135,12.85,1.89,10.88,1.6,ELITE,High-volume RB1/RB2: 50.5 Rush Yds + 3.5 Rec O/U in favorable script
Bhayshul Tuten,JAC,CLE,6700,5.54,16,Q,Illness,CLE@JAC,True,False,24.5,40.5,-8.5,True,8.5,11,FAVORABLE,21.0,101.2,0.81,30.5,6.5,1.0,0.219,357,5.6,0.84,7.92,1.18,AVERAGE,Committee rotation: 6.5 Carries O/U; TD-dependent fantasy output
D'Andre Swift,CHI,CAR,6600,13.58,18,Q,Abdomen,CHI@CAR,False,False,25.25,47.5,-3.0,True,3.0,7,FAVORABLE,22.4,108.1,1.02,65.0,13.5,3.0,0.537,-116,13.5,2.05,16.43,2.49,VERY_ELITE,Bellcow smash spot: 13.5 Carries O/U + 53% TD probability
Jaylen Warren,PIT,ATL,6500,12.25,17,,,ATL@PIT,True,False,23.0,42.5,-3.5,True,3.5,22,TOUGH,18.4,97.4,0.46,55.0,12.5,2.5,0.484,107,11.55,1.78,12.23,1.88,ELITE,High-volume RB1/RB2: 55.0 Rush Yds + 2.5 Rec O/U in favorable script
Quinshon Judkins,CLE,JAC,6400,11.41,14,,,CLE@JAC,False,False,16.0,40.5,8.5,False,-8.5,30,LOCKDOWN,15.7,66.6,0.51,29.0,9.5,3.0,0.451,122,9.4,1.47,6.38,1.0,ELITE,High-volume RB1/RB2: 29.0 Rush Yds + 3.0 Rec O/U in favorable script
David Montgomery,HOU,BUF,6300,9.29,17,,,BUF@HOU,True,True,21.5,44.5,1.5,False,-1.5,10,FAVORABLE,21.5,104.7,0.98,35.0,8.5,2.0,0.367,172,8.2,1.3,9.17,1.46,AVERAGE,Committee rotation: 8.5 Carries O/U; TD-dependent fantasy output
Woody Marks,HOU,BUF,6200,8.99,18,,,BUF@HOU,True,True,21.5,44.5,1.5,False,-1.5,10,FAVORABLE,21.5,104.7,0.98,35.0,8.5,2.0,0.356,181,8.1,1.31,9.07,1.46,AVERAGE,Committee rotation: 8.5 Carries O/U; TD-dependent fantasy output
Rico Dowdle,PIT,ATL,6100,11.54,18,,,ATL@PIT,True,False,23.0,42.5,-3.5,True,3.5,22,TOUGH,18.4,97.4,0.46,50.5,11.5,2.5,0.456,119,10.95,1.8,11.62,1.91,ELITE,High-volume RB1/RB2: 50.5 Rush Yds + 2.5 Rec O/U in favorable script
Tony Pollard,TEN,NYJ,6000,10.49,17,,,NYJ@TEN,True,False,20.5,39.5,-1.5,True,1.5,1,SMASH,27.6,111.3,1.09,39.0,10.0,2.5,0.415,141,9.55,1.59,11.88,1.98,ELITE,High-volume RB1/RB2: 39.0 Rush Yds + 2.5 Rec O/U in favorable script
Tyler Allgeier,ARI,LAC,5900,6.82,17,,,ARI@LAC,False,False,18.75,47.5,10.0,False,-10.0,29,LOCKDOWN,16.3,85.0,0.65,23.0,6.5,1.5,0.27,270,5.75,0.97,2.88,0.49,FADE,Limited touch share: Negative game script or secondary change-of-pace role
Aaron Jones Sr.,MIN,GB,5900,8.72,12,,,GB@MIN,True,True,24.0,46.5,-1.5,True,1.5,14,NEUTRAL,20.1,106.2,0.78,39.0,8.5,2.0,0.345,190,8.5,1.44,8.88,1.5,AVERAGE,Committee rotation: 8.5 Carries O/U; TD-dependent fantasy output
Chuba Hubbard,CAR,CHI,5800,8.08,16,Q,Hamstring,CHI@CAR,True,False,22.25,47.5,3.0,False,-3.0,18,NEUTRAL,18.9,105.0,0.52,32.0,7.5,2.0,0.319,213,7.6,1.31,7.38,1.27,AVERAGE,Committee rotation: 7.5 Carries O/U; TD-dependent fantasy output
Jeremiyah Love,ARI,LAC,5800,,0,Q,Ankle,ARI@LAC,False,False,18.75,47.5,10.0,False,-10.0,29,LOCKDOWN,16.3,85.0,0.65,28.5,8.0,2.5,0.395,153,8.35,1.44,5.47,0.94,ELITE,High-volume RB1/RB2: 28.5 Rush Yds + 2.5 Rec O/U in favorable script
Jonathon Brooks,CAR,CHI,5700,2.0,3,Q,General soreness,CHI@CAR,True,False,22.25,47.5,3.0,False,-3.0,18,NEUTRAL,18.9,105.0,0.52,27.5,6.5,1.0,0.18,456,5.1,0.89,4.88,0.86,FADE,Limited touch share: Negative game script or secondary change-of-pace role
Jacory Croskey-Merritt,WAS,PHI,5700,8.34,17,Q,Lower body,WAS@PHI,False,False,19.5,44.5,5.5,False,-5.5,12,FAVORABLE,21.1,98.7,0.73,28.0,7.5,2.0,0.33,203,7.3,1.28,7.98,1.4,AVERAGE,Committee rotation: 7.5 Carries O/U; TD-dependent fantasy output
Rachaad White,WAS,PHI,5600,7.24,17,Q,Hamstring,WAS@PHI,False,False,19.5,44.5,5.5,False,-5.5,12,FAVORABLE,21.1,98.7,0.73,24.0,6.5,1.5,0.286,250,5.95,1.06,6.62,1.18,FADE,Limited touch share: Negative game script or secondary change-of-pace role
Kyle Monangai,CHI,CAR,5600,8.33,19,Q,Knee,CHI@CAR,False,False,25.25,47.5,-3.0,True,3.0,7,FAVORABLE,22.4,108.1,1.02,41.0,8.5,2.0,0.329,204,8.6,1.54,11.53,2.06,GOOD,Solid Flex RB: 8.5 Carries O/U; dependable touch floor
Alvin Kamara,NO,DET,5500,7.65,11,Q,Knee - mcl,NO@DET,False,True,21.25,49.5,7.0,False,-7.0,23,TOUGH,18.5,94.0,0.75,26.5,6.5,2.0,0.303,230,7.0,1.27,5.03,0.91,AVERAGE,Committee rotation: 6.5 Carries O/U; TD-dependent fantasy output
Kenny Gainwell,TB,CIN,5500,10.63,18,,,TB@CIN,False,False,23.5,50.5,3.5,False,-3.5,4,SMASH,24.6,113.2,0.7,42.5,9.5,2.5,0.42,138,9.95,1.81,11.82,2.15,ELITE,High-volume RB1/RB2: 42.5 Rush Yds + 2.5 Rec O/U in favorable script
Jordan Mason,MIN,GB,5400,7.81,16,,,GB@MIN,True,True,24.0,46.5,-1.5,True,1.5,14,NEUTRAL,20.1,106.2,0.78,34.5,7.5,1.5,0.309,224,7.15,1.32,7.53,1.39,AVERAGE,Committee rotation: 7.5 Carries O/U; TD-dependent fantasy output
Chris Rodriguez Jr.,JAC,CLE,5300,7.54,12,,,CLE@JAC,True,False,24.5,40.5,-8.5,True,8.5,11,FAVORABLE,21.0,101.2,0.81,37.5,8.0,1.5,0.298,236,7.35,1.39,9.67,1.83,AVERAGE,Committee rotation: 8.0 Carries O/U; TD-dependent fantasy output
Ollie Gordon II,MIA,LV,5200,2.98,17,Q,Ribs,MIA@LV,False,True,19.0,41.5,3.5,False,-3.5,13,NEUTRAL,21.1,100.9,0.92,23.5,6.5,1.0,0.18,456,4.7,0.9,5.23,1.0,FADE,Limited touch share: Negative game script or secondary change-of-pace role
Brian Robinson Jr.,ATL,PIT,5200,3.14,19,,,ATL@PIT,False,False,19.5,42.5,3.5,False,-3.5,26,TOUGH,16.8,97.8,0.25,24.0,6.5,1.0,0.18,456,4.7,0.9,3.28,0.63,FADE,Limited touch share: Negative game script or secondary change-of-pace role
Dylan Sampson,CLE,JAC,5100,4.74,15,,,CLE@JAC,False,False,16.0,40.5,8.5,False,-8.5,30,LOCKDOWN,15.7,66.6,0.51,22.5,6.5,1.0,0.187,435,4.6,0.9,1.57,0.31,FADE,Limited touch share: Negative game script or secondary change-of-pace role
Kimani Vidal,LAC,ARI,5100,8.93,14,,,ARI@LAC,True,False,28.75,47.5,-10.0,True,10.0,2,SMASH,25.3,117.9,1.03,55.0,10.0,1.5,0.353,183,9.45,1.85,13.12,2.57,GOOD,Solid Flex RB: 10.0 Carries O/U; dependable touch floor
Ty Johnson,BUF,HOU,5000,5.19,17,Q,Lower leg,BUF@HOU,False,True,23.0,44.5,-1.5,True,1.5,27,LOCKDOWN,17.4,73.5,0.65,28.5,6.5,1.0,0.205,388,5.3,1.06,3.72,0.74,AVERAGE,Committee rotation: 6.5 Carries O/U; TD-dependent fantasy output
Tyjae Spears,TEN,NYJ,5000,6.86,13,,,NYJ@TEN,True,False,20.5,39.5,-1.5,True,1.5,1,SMASH,27.6,111.3,1.09,25.5,6.5,1.5,0.271,269,6.05,1.21,8.38,1.68,FADE,Limited touch share: Negative game script or secondary change-of-pace role
Sean Tucker,TB,CIN,5000,5.32,17,Q,Undisclosed,TB@CIN,False,False,23.5,50.5,3.5,False,-3.5,4,SMASH,24.6,113.2,0.7,29.0,6.5,1.0,0.21,376,5.4,1.08,7.28,1.46,AVERAGE,Committee rotation: 6.5 Carries O/U; TD-dependent fantasy output
Jaylen Wright,MIA,LV,4900,5.41,9,,,MIA@LV,False,True,19.0,41.5,3.5,False,-3.5,13,NEUTRAL,21.1,100.9,0.92,23.5,6.5,1.5,0.214,367,5.45,1.11,5.98,1.22,FADE,Limited touch share: Negative game script or secondary change-of-pace role
LeQuint Allen Jr.,JAC,CLE,4900,1.26,17,Q,Undisclosed,CLE@JAC,True,False,24.5,40.5,-8.5,True,8.5,11,FAVORABLE,21.0,101.2,0.81,30.5,6.5,1.0,0.18,456,5.4,1.1,7.73,1.58,AVERAGE,Committee rotation: 6.5 Carries O/U; TD-dependent fantasy output
MarShawn Lloyd,GB,MIN,4900,2.3,1,,,GB@MIN,False,True,22.5,46.5,1.5,False,-1.5,25,TOUGH,17.9,104.9,0.72,28.0,6.5,1.0,0.18,456,5.1,1.04,3.82,0.78,AVERAGE,Committee rotation: 6.5 Carries O/U; TD-dependent fantasy output
Samaje Perine,CIN,TB,4800,4.63,15,,,TB@CIN,True,False,27.0,50.5,-3.5,True,3.5,16,NEUTRAL,19.4,78.1,0.5,33.5,6.5,1.0,0.183,446,5.7,1.19,7.28,1.52,AVERAGE,Committee rotation: 6.5 Carries O/U; TD-dependent fantasy output
Seth McGowan,IND,BAL,4800,,0,,,BAL@IND,True,True,22.0,47.5,3.5,False,-3.5,15,NEUTRAL,19.6,78.0,0.62,38.0,9.0,2.5,0.395,153,9.35,1.95,9.57,1.99,ELITE,High-volume RB1/RB2: 38.0 Rush Yds + 2.5 Rec O/U in favorable script
Braelon Allen,NYJ,TEN,4800,3.58,4,,,NYJ@TEN,False,False,19.0,39.5,1.5,False,-1.5,21,TOUGH,18.7,84.9,0.91,23.5,6.5,1.0,0.18,456,4.7,0.98,4.03,0.84,FADE,Limited touch share: Negative game script or secondary change-of-pace role
Devin Neal,NO,DET,4700,5.72,9,Q,Hamstring,NO@DET,False,True,21.25,49.5,7.0,False,-7.0,23,TOUGH,18.5,94.0,0.75,26.5,6.5,1.5,0.226,342,5.85,1.24,3.88,0.82,FADE,Limited touch share: Negative game script or secondary change-of-pace role
Jawhar Jordan,HOU,BUF,4700,7.3,4,,,BUF@HOU,True,True,21.5,44.5,1.5,False,-1.5,10,FAVORABLE,21.5,104.7,0.98,28.5,7.0,1.5,0.289,246,6.45,1.37,7.42,1.58,AVERAGE,Committee rotation: 7.0 Carries O/U; TD-dependent fantasy output
Kaytron Allen,WAS,PHI,4700,,0,,,WAS@PHI,False,False,19.5,44.5,5.5,False,-5.5,12,FAVORABLE,21.1,98.7,0.73,31.5,8.5,2.5,0.395,153,8.65,1.84,9.33,1.98,ELITE,High-volume RB1/RB2: 31.5 Rush Yds + 2.5 Rec O/U in favorable script
Ray Davis,BUF,HOU,4600,3.39,19,,,BUF@HOU,False,True,23.0,44.5,-1.5,True,1.5,27,LOCKDOWN,17.4,73.5,0.65,28.5,6.5,1.0,0.18,456,5.2,1.13,3.62,0.79,AVERAGE,Committee rotation: 6.5 Carries O/U; TD-dependent fantasy output
Tank Bigsby,PHI,WAS,4600,3.58,16,,,WAS@PHI,True,False,25.0,44.5,-5.5,True,5.5,3,SMASH,24.9,121.1,1.05,31.0,6.5,1.0,0.18,456,5.4,1.17,8.93,1.94,AVERAGE,Committee rotation: 6.5 Carries O/U; TD-dependent fantasy output
Nick Singleton,TEN,NYJ,4600,,0,,,NYJ@TEN,True,False,20.5,39.5,-1.5,True,1.5,1,SMASH,27.6,111.3,1.09,37.0,9.5,2.0,0.395,153,8.6,1.87,10.92,2.38,AVERAGE,Committee rotation: 9.5 Carries O/U; TD-dependent fantasy output
Chris Brooks,GB,MIN,4500,1.84,16,,,GB@MIN,False,True,22.5,46.5,1.5,False,-1.5,25,TOUGH,17.9,104.9,0.72,28.0,6.5,1.0,0.18,456,5.1,1.13,3.82,0.85,AVERAGE,Committee rotation: 6.5 Carries O/U; TD-dependent fantasy output
Mike Washington Jr.,LV,MIA,4500,,0,,,MIA@LV,True,True,22.5,41.5,-3.5,True,3.5,8,FAVORABLE,21.9,102.7,0.72,43.0,10.0,2.0,0.395,153,9.2,2.04,11.97,2.66,GOOD,Solid Flex RB: 10.0 Carries O/U; dependable touch floor
Zavier Scott,CHI,CAR,4500,3.22,10,,,CHI@CAR,False,False,25.25,47.5,-3.0,True,3.0,7,FAVORABLE,22.4,108.1,1.02,31.5,6.5,1.0,0.18,456,5.5,1.22,8.43,1.87,AVERAGE,Committee rotation: 6.5 Carries O/U; TD-dependent fantasy output
Pierre Strong Jr.,GB,MIN,4500,2.35,12,,,GB@MIN,False,True,22.5,46.5,1.5,False,-1.5,25,TOUGH,17.9,104.9,0.72,28.0,6.5,1.0,0.18,456,5.1,1.13,3.82,0.85,AVERAGE,Committee rotation: 6.5 Carries O/U; TD-dependent fantasy output
DJ Giddens,IND,BAL,4500,1.92,5,,,BAL@IND,True,True,22.0,47.5,3.5,False,-3.5,15,NEUTRAL,19.6,78.0,0.62,27.5,6.5,1.0,0.18,456,5.1,1.13,5.32,1.18,FADE,Limited touch share: Negative game script or secondary change-of-pace role
Audric Estime,NO,DET,4400,8.42,5,,,NO@DET,False,True,21.25,49.5,7.0,False,-7.0,23,TOUGH,18.5,94.0,0.75,28.5,7.0,2.0,0.333,200,7.3,1.66,5.33,1.21,AVERAGE,Committee rotation: 7.0 Carries O/U; TD-dependent fantasy output
Justice Hill,BAL,IND,4400,5.47,10,,,BAL@IND,False,True,25.5,47.5,-3.5,True,3.5,20,NEUTRAL,18.4,91.2,0.72,31.5,6.5,1.0,0.216,363,5.7,1.3,6.67,1.52,AVERAGE,Committee rotation: 6.5 Carries O/U; TD-dependent fantasy output
Keaton Mitchell,LAC,ARI,4400,3.92,13,Q,Undisclosed,ARI@LAC,True,False,28.75,47.5,-10.0,True,10.0,2,SMASH,25.3,117.9,1.03,35.5,6.5,1.0,0.18,456,5.9,1.34,9.57,2.18,AVERAGE,Committee rotation: 6.5 Carries O/U; TD-dependent fantasy output
Dare Ogunbowale,LV,MIA,4300,1.74,11,,,MIA@LV,True,True,22.5,41.5,-3.5,True,3.5,8,FAVORABLE,21.9,102.7,0.72,28.0,6.5,1.0,0.18,456,5.1,1.19,7.88,1.83,AVERAGE,Committee rotation: 6.5 Carries O/U; TD-dependent fantasy output
Damien Martinez,GB,MIN,4300,,0,,,GB@MIN,False,True,22.5,46.5,1.5,False,-1.5,25,TOUGH,17.9,104.9,0.72,41.0,9.5,2.0,0.395,153,9.0,2.09,7.72,1.8,GOOD,Solid Flex RB: 9.5 Carries O/U; dependable touch floor
Raheim Sanders,CLE,JAC,4300,4.7,4,,,CLE@JAC,False,False,16.0,40.5,8.5,False,-8.5,30,LOCKDOWN,15.7,66.6,0.51,22.5,6.5,1.0,0.186,438,4.6,1.07,1.57,0.37,FADE,Limited touch share: Negative game script or secondary change-of-pace role
Isaiah Davis,NYJ,TEN,4300,3.79,16,Q,Knee,NYJ@TEN,False,False,19.0,39.5,1.5,False,-1.5,21,TOUGH,18.7,84.9,0.91,23.5,6.5,1.0,0.18,456,4.7,1.09,4.03,0.94,FADE,Limited touch share: Negative game script or secondary change-of-pace role
Dylan Laube,LV,MIA,4300,0.13,17,,,MIA@LV,True,True,22.5,41.5,-3.5,True,3.5,8,FAVORABLE,21.9,102.7,0.72,28.0,6.5,1.0,0.18,456,5.1,1.19,7.88,1.83,AVERAGE,Committee rotation: 6.5 Carries O/U; TD-dependent fantasy output
Ameer Abdullah,JAC,CLE,4300,2.15,13,,,CLE@JAC,True,False,24.5,40.5,-8.5,True,8.5,11,FAVORABLE,21.0,101.2,0.81,30.5,6.5,1.0,0.18,456,5.4,1.26,7.73,1.8,AVERAGE,Committee rotation: 6.5 Carries O/U; TD-dependent fantasy output
Kaleb Johnson,GB,MIN,4300,0.63,10,,,GB@MIN,False,True,22.5,46.5,1.5,False,-1.5,25,TOUGH,17.9,104.9,0.72,28.0,6.5,1.0,0.18,456,5.1,1.19,3.82,0.89,AVERAGE,Committee rotation: 6.5 Carries O/U; TD-dependent fantasy output
Rasheen Ali,BAL,IND,4200,1.52,13,,,BAL@IND,False,True,25.5,47.5,-3.5,True,3.5,20,NEUTRAL,18.4,91.2,0.72,31.5,6.5,1.0,0.18,456,5.5,1.31,6.47,1.54,AVERAGE,Committee rotation: 6.5 Carries O/U; TD-dependent fantasy output
Michael Carter,TEN,NYJ,4200,6.35,13,,,NYJ@TEN,True,False,20.5,39.5,-1.5,True,1.5,1,SMASH,27.6,111.3,1.09,25.5,6.5,1.5,0.251,298,5.95,1.42,8.28,1.97,FADE,Limited touch share: Negative game script or secondary change-of-pace role
Roschon Johnson,CHI,CAR,4200,0.57,3,,,CHI@CAR,False,False,25.25,47.5,-3.0,True,3.0,7,FAVORABLE,22.4,108.1,1.02,31.5,6.5,1.0,0.18,456,5.5,1.31,8.43,2.01,AVERAGE,Committee rotation: 6.5 Carries O/U; TD-dependent fantasy output
Kendre Miller,NO,DET,4200,4.4,7,Q,Undisclosed,NO@DET,False,True,21.25,49.5,7.0,False,-7.0,23,TOUGH,18.5,94.0,0.75,26.5,6.5,1.0,0.18,456,5.0,1.19,3.03,0.72,FADE,Limited touch share: Negative game script or secondary change-of-pace role
Sione Vaki,DET,NO,4100,0.07,6,,,NO@DET,True,True,28.25,49.5,-7.0,True,7.0,19,NEUTRAL,18.6,100.7,0.61,35.0,6.5,1.0,0.18,456,5.8,1.41,6.92,1.69,AVERAGE,Committee rotation: 6.5 Carries O/U; TD-dependent fantasy output
Alec Ingold,LAC,ARI,4100,1.12,9,,,ARI@LAC,True,False,28.75,47.5,-10.0,True,10.0,2,SMASH,25.3,117.9,1.03,35.5,6.5,1.0,0.18,456,5.9,1.44,9.57,2.34,AVERAGE,Committee rotation: 6.5 Carries O/U; TD-dependent fantasy output
Jaret Patterson,LAC,ARI,4100,3.46,7,,,ARI@LAC,True,False,28.75,47.5,-10.0,True,10.0,2,SMASH,25.3,117.9,1.03,35.5,6.5,1.0,0.18,456,5.9,1.44,9.57,2.34,AVERAGE,Committee rotation: 6.5 Carries O/U; TD-dependent fantasy output
Tahj Brooks,CIN,TB,4100,0.74,8,,,TB@CIN,True,False,27.0,50.5,-3.5,True,3.5,16,NEUTRAL,19.4,78.1,0.5,33.5,6.5,1.0,0.18,456,5.7,1.39,7.28,1.77,AVERAGE,Committee rotation: 6.5 Carries O/U; TD-dependent fantasy output
Will Shipley,PHI,WAS,4100,0.94,15,,,WAS@PHI,True,False,25.0,44.5,-5.5,True,5.5,3,SMASH,24.9,121.1,1.05,31.0,6.5,1.0,0.18,456,5.4,1.32,8.93,2.18,AVERAGE,Committee rotation: 6.5 Carries O/U; TD-dependent fantasy output
CJ Donaldson,NO,DET,4000,,0,,,NO@DET,False,True,21.25,49.5,7.0,False,-7.0,23,TOUGH,18.5,94.0,0.75,34.5,8.5,2.5,0.395,153,8.95,2.24,6.97,1.74,ELITE,High-volume RB1/RB2: 34.5 Rush Yds + 2.5 Rec O/U in favorable script
Kye Robichaux,DET,NO,4000,,0,Q,Foot,NO@DET,True,True,28.25,49.5,-7.0,True,7.0,19,NEUTRAL,18.6,100.7,0.61,56.5,10.5,2.0,0.395,153,10.5,2.62,11.62,2.91,GOOD,Solid Flex RB: 10.5 Carries O/U; dependable touch floor
Frank Gore Jr.,BUF,HOU,4000,0.55,2,,,BUF@HOU,False,True,23.0,44.5,-1.5,True,1.5,27,LOCKDOWN,17.4,73.5,0.65,28.5,6.5,1.0,0.18,456,5.2,1.3,3.62,0.91,AVERAGE,Committee rotation: 6.5 Carries O/U; TD-dependent fantasy output
Anthony Tyus III,CAR,CHI,4000,,0,,,CHI@CAR,True,False,22.25,47.5,3.0,False,-3.0,18,NEUTRAL,18.9,105.0,0.52,38.0,9.0,2.5,0.395,153,9.35,2.34,9.12,2.28,ELITE,High-volume RB1/RB2: 38.0 Rush Yds + 2.5 Rec O/U in favorable script
Joshua Pitsenberger,HOU,BUF,4000,,0,Q,Ankle,BUF@HOU,True,True,21.5,44.5,1.5,False,-1.5,10,FAVORABLE,21.5,104.7,0.98,39.0,9.5,2.0,0.395,153,8.8,2.2,9.78,2.44,GOOD,Solid Flex RB: 9.5 Carries O/U; dependable touch floor
Dameon Pierce,PHI,WAS,4000,0.72,5,,,WAS@PHI,True,False,25.0,44.5,-5.5,True,5.5,3,SMASH,24.9,121.1,1.05,31.0,6.5,1.0,0.18,456,5.4,1.35,8.93,2.23,AVERAGE,Committee rotation: 6.5 Carries O/U; TD-dependent fantasy output
Gary Brightwell,CIN,TB,4000,0.0,2,,,TB@CIN,True,False,27.0,50.5,-3.5,True,3.5,16,NEUTRAL,19.4,78.1,0.5,51.5,10.0,2.0,0.395,153,10.0,2.5,11.57,2.89,GOOD,Solid Flex RB: 10.0 Carries O/U; dependable touch floor
Ahmani Marshall,CAR,CHI,4000,,0,,,CHI@CAR,True,False,22.25,47.5,3.0,False,-3.0,18,NEUTRAL,18.9,105.0,0.52,38.0,9.0,2.5,0.395,153,9.35,2.34,9.12,2.28,ELITE,High-volume RB1/RB2: 38.0 Rush Yds + 2.5 Rec O/U in favorable script
Eli Heidenreich,PIT,ATL,4000,,0,,,ATL@PIT,True,False,23.0,42.5,-3.5,True,3.5,22,TOUGH,18.4,97.4,0.46,44.0,10.0,2.0,0.395,153,9.3,2.33,9.98,2.49,GOOD,Solid Flex RB: 10.0 Carries O/U; dependable touch floor
Carlos Washington Jr.,MIA,LV,4000,,0,,,MIA@LV,False,True,19.0,41.5,3.5,False,-3.5,13,NEUTRAL,21.1,100.9,0.92,32.5,9.0,2.5,0.395,153,8.75,2.19,9.28,2.32,ELITE,High-volume RB1/RB2: 32.5 Rush Yds + 2.5 Rec O/U in favorable script
Miles Davis,CAR,CHI,4000,,0,,,CHI@CAR,True,False,22.25,47.5,3.0,False,-3.0,18,NEUTRAL,18.9,105.0,0.52,38.0,9.0,2.5,0.395,153,9.35,2.34,9.12,2.28,ELITE,High-volume RB1/RB2: 38.0 Rush Yds + 2.5 Rec O/U in favorable script
Lucas Scott,BAL,IND,4000,,0,,,BAL@IND,False,True,25.5,47.5,-3.5,True,3.5,20,NEUTRAL,18.4,91.2,0.72,48.5,10.0,2.0,0.395,153,9.7,2.42,10.67,2.67,GOOD,Solid Flex RB: 10.0 Carries O/U; dependable touch floor
Cash Jones,ATL,PIT,4000,,0,,,ATL@PIT,False,False,19.5,42.5,3.5,False,-3.5,26,TOUGH,16.8,97.8,0.25,33.5,9.0,2.5,0.395,153,8.85,2.21,7.42,1.86,ELITE,High-volume RB1/RB2: 33.5 Rush Yds + 2.5 Rec O/U in favorable script
Anderson Castle,IND,BAL,4000,,0,,,BAL@IND,True,True,22.0,47.5,3.5,False,-3.5,15,NEUTRAL,19.6,78.0,0.62,38.0,9.0,2.5,0.395,153,9.35,2.34,9.57,2.39,ELITE,High-volume RB1/RB2: 38.0 Rush Yds + 2.5 Rec O/U in favorable script
Coleman Bennett,MIA,LV,4000,,0,,,MIA@LV,False,True,19.0,41.5,3.5,False,-3.5,13,NEUTRAL,21.1,100.9,0.92,32.5,9.0,2.5,0.395,153,8.75,2.19,9.28,2.32,ELITE,High-volume RB1/RB2: 32.5 Rush Yds + 2.5 Rec O/U in favorable script
Tyler Goodson,ATL,PIT,4000,0.42,10,,,ATL@PIT,False,False,19.5,42.5,3.5,False,-3.5,26,TOUGH,16.8,97.8,0.25,24.0,6.5,1.0,0.18,456,4.7,1.18,3.28,0.82,FADE,Limited touch share: Negative game script or secondary change-of-pace role
Julius Chestnut,TEN,NYJ,4000,0.31,13,,,NYJ@TEN,True,False,20.5,39.5,-1.5,True,1.5,1,SMASH,27.6,111.3,1.09,25.5,6.5,1.0,0.18,456,4.9,1.23,7.22,1.81,FADE,Limited touch share: Negative game script or secondary change-of-pace role
Demond Claiborne,MIN,GB,4000,,0,,,GB@MIN,True,True,24.0,46.5,-1.5,True,1.5,14,NEUTRAL,20.1,106.2,0.78,43.5,9.5,2.0,0.395,153,9.2,2.3,9.57,2.39,GOOD,Solid Flex RB: 9.5 Carries O/U; dependable touch floor
Elijah Mitchell,PHI,WAS,4000,0.0,1,Q,Undisclosed,WAS@PHI,True,False,25.0,44.5,-5.5,True,5.5,3,SMASH,24.9,121.1,1.05,50.0,10.5,2.0,0.395,153,9.9,2.48,13.43,3.36,GOOD,Solid Flex RB: 10.5 Carries O/U; dependable touch floor
Josh Williams,TB,CIN,4000,0.55,2,,,TB@CIN,False,False,23.5,50.5,3.5,False,-3.5,4,SMASH,24.6,113.2,0.7,29.0,6.5,1.0,0.18,456,5.2,1.3,7.08,1.77,AVERAGE,Committee rotation: 6.5 Carries O/U; TD-dependent fantasy output
Kentrel Bullock,CIN,TB,4000,,0,,,TB@CIN,True,False,27.0,50.5,-3.5,True,3.5,16,NEUTRAL,19.4,78.1,0.5,51.5,10.0,2.0,0.395,153,10.0,2.5,11.57,2.89,GOOD,Solid Flex RB: 10.0 Carries O/U; dependable touch floor
Sam Scott,NYJ,TEN,4000,,0,Q,Undisclosed,NYJ@TEN,False,False,19.0,39.5,1.5,False,-1.5,21,TOUGH,18.7,84.9,0.91,34.5,9.5,2.0,0.395,153,8.3,2.08,7.63,1.91,AVERAGE,Committee rotation: 9.5 Carries O/U; TD-dependent fantasy output
British Brooks,HOU,BUF,4000,0.98,8,Q,Hand,BUF@HOU,True,True,21.5,44.5,1.5,False,-1.5,10,FAVORABLE,21.5,104.7,0.98,26.5,6.5,1.0,0.18,456,5.0,1.25,5.97,1.49,FADE,Limited touch share: Negative game script or secondary change-of-pace role
Evan Hull,ARI,LAC,4000,0.98,6,,,ARI@LAC,False,False,18.75,47.5,10.0,False,-10.0,29,LOCKDOWN,16.3,85.0,0.65,23.0,6.5,1.0,0.18,456,4.6,1.15,1.72,0.43,FADE,Limited touch share: Negative game script or secondary change-of-pace role
Jerome Ford,WAS,PHI,4000,2.35,13,Q,Hamstring,WAS@PHI,False,False,19.5,44.5,5.5,False,-5.5,12,FAVORABLE,21.1,98.7,0.73,24.0,6.5,1.0,0.18,456,4.7,1.18,5.38,1.34,FADE,Limited touch share: Negative game script or secondary change-of-pace role
Raheem Blackshear,DET,NO,4000,0.53,15,Q,Undisclosed,NO@DET,True,True,28.25,49.5,-7.0,True,7.0,19,NEUTRAL,18.6,100.7,0.61,35.0,6.5,1.0,0.18,456,5.8,1.45,6.92,1.73,AVERAGE,Committee rotation: 6.5 Carries O/U; TD-dependent fantasy output
Michael Burton,CLE,JAC,4000,2.21,11,,,CLE@JAC,False,False,16.0,40.5,8.5,False,-8.5,30,LOCKDOWN,15.7,66.6,0.51,22.5,6.5,1.0,0.18,456,4.6,1.15,1.57,0.39,FADE,Limited touch share: Negative game script or secondary change-of-pace role
Jacob Saylors,DET,NO,4000,0.11,10,,,NO@DET,True,True,28.25,49.5,-7.0,True,7.0,19,NEUTRAL,18.6,100.7,0.61,35.0,6.5,1.0,0.18,456,5.8,1.45,6.92,1.73,AVERAGE,Committee rotation: 6.5 Carries O/U; TD-dependent fantasy output
Robert Henry Jr.,WAS,PHI,4000,,0,,,WAS@PHI,False,False,19.5,44.5,5.5,False,-5.5,12,FAVORABLE,21.1,98.7,0.73,31.5,8.5,2.5,0.395,153,8.65,2.16,9.33,2.33,ELITE,High-volume RB1/RB2: 31.5 Rush Yds + 2.5 Rec O/U in favorable script
Amar Johnson,LAC,ARI,4000,0.8,1,,,ARI@LAC,True,False,28.75,47.5,-10.0,True,10.0,2,SMASH,25.3,117.9,1.03,35.5,6.5,1.0,0.18,456,5.9,1.48,9.57,2.39,AVERAGE,Committee rotation: 6.5 Carries O/U; TD-dependent fantasy output
Kene Nwangwu,NYJ,TEN,4000,1.09,10,,,NYJ@TEN,False,False,19.0,39.5,1.5,False,-1.5,21,TOUGH,18.7,84.9,0.91,23.5,6.5,1.0,0.18,456,4.7,1.18,4.03,1.01,FADE,Limited touch share: Negative game script or secondary change-of-pace role
J'Mari Taylor,JAC,CLE,4000,,0,,,CLE@JAC,True,False,24.5,40.5,-8.5,True,8.5,11,FAVORABLE,21.0,101.2,0.81,49.0,10.5,2.0,0.395,153,9.8,2.45,12.12,3.03,GOOD,Solid Flex RB: 10.5 Carries O/U; dependable touch floor
Max Hurleman,PIT,ATL,4000,,0,,,ATL@PIT,True,False,23.0,42.5,-3.5,True,3.5,22,TOUGH,18.4,97.4,0.46,44.0,10.0,2.0,0.395,153,9.3,2.33,9.98,2.49,GOOD,Solid Flex RB: 10.0 Carries O/U; dependable touch floor
Jackson Acker,BUF,HOU,4000,,0,,,BUF@HOU,False,True,23.0,44.5,-1.5,True,1.5,27,LOCKDOWN,17.4,73.5,0.65,41.5,9.5,2.0,0.395,153,9.0,2.25,7.42,1.86,GOOD,Solid Flex RB: 9.5 Carries O/U; dependable touch floor
Ulysses Bentley IV,IND,BAL,4000,0.0,1,,,BAL@IND,True,True,22.0,47.5,3.5,False,-3.5,15,NEUTRAL,19.6,78.0,0.62,38.0,9.0,2.5,0.395,153,9.35,2.34,9.57,2.39,ELITE,High-volume RB1/RB2: 38.0 Rush Yds + 2.5 Rec O/U in favorable script
Lew Nichols,PIT,ATL,4000,0.0,1,,,ATL@PIT,True,False,23.0,42.5,-3.5,True,3.5,22,TOUGH,18.4,97.4,0.46,44.0,10.0,2.0,0.395,153,9.3,2.33,9.98,2.49,GOOD,Solid Flex RB: 10.0 Carries O/U; dependable touch floor
Gregory Desrosiers,LAC,ARI,4000,,0,,,ARI@LAC,True,False,28.75,47.5,-10.0,True,10.0,2,SMASH,25.3,117.9,1.03,60.5,11.0,2.0,0.395,153,10.9,2.73,14.57,3.64,GOOD,Solid Flex RB: 11.0 Carries O/U; dependable touch floor
Roman Hemby,LV,MIA,4000,,0,,,MIA@LV,True,True,22.5,41.5,-3.5,True,3.5,8,FAVORABLE,21.9,102.7,0.72,43.0,10.0,2.0,0.395,153,9.2,2.3,11.97,2.99,GOOD,Solid Flex RB: 10.0 Carries O/U; dependable touch floor
Salvon Ahmed,CHI,CAR,4000,,0,,,CHI@CAR,False,False,25.25,47.5,-3.0,True,3.0,7,FAVORABLE,22.4,108.1,1.02,48.0,10.0,2.0,0.395,153,9.7,2.42,12.62,3.16,GOOD,Solid Flex RB: 10.0 Carries O/U; dependable touch floor
Elijah Tau-Tolliver,BAL,IND,4000,,0,,,BAL@IND,False,True,25.5,47.5,-3.5,True,3.5,20,NEUTRAL,18.4,91.2,0.72,48.5,10.0,2.0,0.395,153,9.7,2.42,10.67,2.67,GOOD,Solid Flex RB: 10.0 Carries O/U; dependable touch floor
Travis Homer,PIT,ATL,4000,-0.04,5,,,ATL@PIT,True,False,23.0,42.5,-3.5,True,3.5,22,TOUGH,18.4,97.4,0.46,44.0,10.0,2.0,0.395,153,9.3,2.33,9.98,2.49,GOOD,Solid Flex RB: 10.0 Carries O/U; dependable touch floor
Jamal Haynes,CIN,TB,4000,,0,,,TB@CIN,True,False,27.0,50.5,-3.5,True,3.5,16,NEUTRAL,19.4,78.1,0.5,51.5,10.0,2.0,0.395,153,10.0,2.5,11.57,2.89,GOOD,Solid Flex RB: 10.0 Carries O/U; dependable touch floor
Max Bredeson,MIN,GB,4000,,0,,,GB@MIN,True,True,24.0,46.5,-1.5,True,1.5,14,NEUTRAL,20.1,106.2,0.78,43.5,9.5,2.0,0.395,153,9.2,2.3,9.57,2.39,GOOD,Solid Flex RB: 9.5 Carries O/U; dependable touch floor
Kalel Mullings,TEN,NYJ,4000,0.23,3,,,NYJ@TEN,True,False,20.5,39.5,-1.5,True,1.5,1,SMASH,27.6,111.3,1.09,25.5,6.5,1.0,0.18,456,4.9,1.23,7.22,1.81,FADE,Limited touch share: Negative game script or secondary change-of-pace role
Ian Wheeler,BUF,HOU,4000,,0,,,BUF@HOU,False,True,23.0,44.5,-1.5,True,1.5,27,LOCKDOWN,17.4,73.5,0.65,41.5,9.5,2.0,0.395,153,9.0,2.25,7.42,1.86,GOOD,Solid Flex RB: 9.5 Carries O/U; dependable touch floor
Roydell Williams,DET,NO,4000,,0,,,NO@DET,True,True,28.25,49.5,-7.0,True,7.0,19,NEUTRAL,18.6,100.7,0.61,56.5,10.5,2.0,0.395,153,10.5,2.62,11.62,2.91,GOOD,Solid Flex RB: 10.5 Carries O/U; dependable touch floor
Davon Booth,IND,BAL,4000,,0,,,BAL@IND,True,True,22.0,47.5,3.5,False,-3.5,15,NEUTRAL,19.6,78.0,0.62,38.0,9.0,2.5,0.395,153,9.35,2.34,9.57,2.39,ELITE,High-volume RB1/RB2: 38.0 Rush Yds + 2.5 Rec O/U in favorable script
Jordan Mims,PHI,WAS,4000,2.87,7,,,WAS@PHI,True,False,25.0,44.5,-5.5,True,5.5,3,SMASH,24.9,121.1,1.05,31.0,6.5,1.0,0.18,456,5.4,1.35,8.93,2.23,AVERAGE,Committee rotation: 6.5 Carries O/U; TD-dependent fantasy output
Bam Knight,ARI,LAC,4000,6.83,12,,,ARI@LAC,False,False,18.75,47.5,10.0,False,-10.0,29,LOCKDOWN,16.3,85.0,0.65,23.0,6.5,1.5,0.27,270,5.75,1.44,2.88,0.72,FADE,Limited touch share: Negative game script or secondary change-of-pace role
Jaden Nixon,GB,MIN,4000,,0,,,GB@MIN,False,True,22.5,46.5,1.5,False,-1.5,25,TOUGH,17.9,104.9,0.72,41.0,9.5,2.0,0.395,153,9.0,2.25,7.72,1.93,GOOD,Solid Flex RB: 9.5 Carries O/U; dependable touch floor
Jabari Small,DET,NO,4000,,0,,,NO@DET,True,True,28.25,49.5,-7.0,True,7.0,19,NEUTRAL,18.6,100.7,0.61,56.5,10.5,2.0,0.395,153,10.5,2.62,11.62,2.91,GOOD,Solid Flex RB: 10.5 Carries O/U; dependable touch floor
Carson Steele,PHI,WAS,4000,1.57,13,,,WAS@PHI,True,False,25.0,44.5,-5.5,True,5.5,3,SMASH,24.9,121.1,1.05,31.0,6.5,1.0,0.18,456,5.4,1.35,8.93,2.23,AVERAGE,Committee rotation: 6.5 Carries O/U; TD-dependent fantasy output
Kendall Milton,CIN,TB,4000,0.2,1,,,TB@CIN,True,False,27.0,50.5,-3.5,True,3.5,16,NEUTRAL,19.4,78.1,0.5,33.5,6.5,1.0,0.18,456,5.7,1.43,7.28,1.82,AVERAGE,Committee rotation: 6.5 Carries O/U; TD-dependent fantasy output
Kadarius Calloway,TB,CIN,4000,,0,Q,Undisclosed,TB@CIN,False,False,23.5,50.5,3.5,False,-3.5,4,SMASH,24.6,113.2,0.7,40.5,9.0,2.5,0.395,153,9.55,2.39,11.43,2.86,ELITE,High-volume RB1/RB2: 40.5 Rush Yds + 2.5 Rec O/U in favorable script
DeeJay Dallas,MIN,GB,4000,0.42,5,,,GB@MIN,True,True,24.0,46.5,-1.5,True,1.5,14,NEUTRAL,20.1,106.2,0.78,29.5,6.5,1.0,0.18,456,5.3,1.32,5.67,1.42,AVERAGE,Committee rotation: 6.5 Carries O/U; TD-dependent fantasy output
Noah Whittington,HOU,BUF,4000,,0,,,BUF@HOU,True,True,21.5,44.5,1.5,False,-1.5,10,FAVORABLE,21.5,104.7,0.98,39.0,9.5,2.0,0.395,153,8.8,2.2,9.78,2.44,GOOD,Solid Flex RB: 9.5 Carries O/U; dependable touch floor
DJ Herman,MIA,LV,4000,,0,,,MIA@LV,False,True,19.0,41.5,3.5,False,-3.5,13,NEUTRAL,21.1,100.9,0.92,32.5,9.0,2.5,0.395,153,8.75,2.19,9.28,2.32,ELITE,High-volume RB1/RB2: 32.5 Rush Yds + 2.5 Rec O/U in favorable script
AJ Dillon,CAR,CHI,4000,1.27,6,,,CHI@CAR,True,False,22.25,47.5,3.0,False,-3.0,18,NEUTRAL,18.9,105.0,0.52,27.5,6.5,1.0,0.18,456,5.1,1.27,4.88,1.22,FADE,Limited touch share: Negative game script or secondary change-of-pace role
Dontae McMillan,BAL,IND,4000,,0,,,BAL@IND,False,True,25.5,47.5,-3.5,True,3.5,20,NEUTRAL,18.4,91.2,0.72,48.5,10.0,2.0,0.395,153,9.7,2.42,10.67,2.67,GOOD,Solid Flex RB: 10.0 Carries O/U; dependable touch floor
Donovan Edwards,MIA,LV,4000,,0,,,MIA@LV,False,True,19.0,41.5,3.5,False,-3.5,13,NEUTRAL,21.1,100.9,0.92,32.5,9.0,2.5,0.395,153,8.75,2.19,9.28,2.32,ELITE,High-volume RB1/RB2: 32.5 Rush Yds + 2.5 Rec O/U in favorable script
