id,name,pos,team,opp,salary,fppg,proj,team_implied,game_ou,spread,soft_rank
133104-129368,Jahmyr Gibbs,RB,DET,NO,9100,20.02352905273437,24.96,28.25,49.5,-7.0,19
133104-85701,Ja'Marr Chase,WR,CIN,TB,8900,17.006250381469727,21.02,27.0,50.5,-3.5,18
133104-62239,Josh Allen,QB,BUF,HOU,8900,24.32000054253472,18.25,23.0,44.5,-1.5,27
133104-136855,Bijan Robinson,RB,ATL,PIT,8800,20.723528693704043,17.52,19.5,42.5,3.5,26
133104-89675,Jonathan Taylor,RB,IND,BAL,8600,20.84117575252757,17.95,22.0,47.5,3.5,15
133104-86997,Amon-Ra St. Brown,WR,DET,NO,8600,16.5,19.13,28.25,49.5,-7.0,27
133104-138820,De'Von Achane,RB,MIA,LV,8500,18.831249237060547,17.89,19.0,41.5,3.5,13
133104-63115,Lamar Jackson,QB,BAL,IND,8400,17.066153893103966,20.43,25.5,47.5,-3.5,13
133104-39280,Derrick Henry,RB,BAL,IND,8300,17.41176470588235,18.03,25.5,47.5,-3.5,20
133104-69531,Jalen Hurts,QB,PHI,WAS,8300,18.834117216222428,23.32,25.0,44.5,-5.5,4
133104-63336,Joe Burrow,QB,CIN,TB,8200,18.1825008392334,21.14,27.0,50.5,-3.5,2
133104-85671,Justin Jefferson,WR,MIN,GB,8100,9.911764705882351,17.88,24.0,46.5,-1.5,14
133104-64401,Saquon Barkley,RB,PHI,WAS,8100,14.141176111557904,21.23,25.0,44.5,-5.5,3
133104-152113,Caleb Williams,QB,CHI,CAR,8000,19.67894704718339,16.02,25.25,47.5,-3.0,26
133104-152664,Bucky Irving,RB,TB,CIN,7900,12.65,14.31,23.5,50.5,3.5,4
133104-112745,Drake London,WR,ATL,PIT,7900,15.241666158040363,15.5,19.5,42.5,3.5,8
133104-102785,Jayden Daniels,QB,WAS,PHI,7900,16.754285539899552,15.47,19.5,44.5,5.5,22
133104-91626,James Cook III,RB,BUF,HOU,7800,17.62631546823602,13.87,23.0,44.5,-1.5,27
133104-38435,Jared Goff,QB,DET,NO,7800,19.00352926815257,15.85,28.25,49.5,-7.0,29
133104-91419,Nico Collins,WR,HOU,BUF,7700,12.706250190734863,14.11,21.5,44.5,1.5,28
133104-89951,Trevor Lawrence,QB,JAC,CLE,7700,20.808888753255207,19.81,24.5,40.5,-8.5,30
133104-69189,Justin Herbert,QB,LAC,ARI,7600,18.937647202435663,21.44,28.75,47.5,-10.0,10
133104-91750,Trey McBride,TE,ARI,LAC,7600,15.405881993910846,12.16,18.75,47.5,10.0,28
133104-89493,Chase Brown,RB,CIN,TB,7500,15.123529770795036,18.54,27.0,50.5,-3.5,16
133104-90576,DeVonta Smith,WR,PHI,WAS,7500,10.016666836208769,16.44,25.0,44.5,-5.5,9
133104-41535,Baker Mayfield,QB,TB,CIN,7500,16.995294907513788,17.14,23.5,50.5,3.5,12
133104-69017,Jordan Love,QB,GB,MIN,7400,17.510000228881836,13.13,22.5,46.5,1.5,32
133104-87770,Chris Olave,WR,NO,DET,7400,14.25,16.22,21.25,49.5,7.0,3
133104-63519,Daniel Jones,QB,IND,BAL,7300,18.495384803185097,15.82,22.0,47.5,3.5,11
133104-174215,Omarion Hampton,RB,LAC,ARI,7300,12.259999847412107,22.21,28.75,47.5,-10.0,2
133104-112295,Zay Flowers,WR,BAL,IND,7300,12.31176488539752,16.86,25.5,47.5,-3.5,2
133104-89981,Tee Higgins,WR,CIN,TB,7200,12.340000406901042,14.03,27.0,50.5,-3.5,18
133104-63484,Kyler Murray,QB,MIN,GB,7200,16.155999755859376,16.45,24.0,46.5,-1.5,20
133104-111631,Jameson Williams,WR,DET,NO,7100,11.72941140567555,12.43,28.25,49.5,-7.0,27
133104-6894,Aaron Rodgers,QB,PIT,ATL,7100,13.907058715820312,14.34,23.0,42.5,-3.5,15
133104-167031,Ashton Jeanty,RB,LV,MIA,7000,13.152941535500918,20.4,22.5,41.5,-3.5,8
133104-73048,DK Metcalf,WR,PIT,ATL,7000,10.556249618530272,13.58,23.0,42.5,-3.5,7
133104-30231,Jacoby Brissett,QB,ARI,LAC,7000,17.674285888671875,10.61,18.75,47.5,10.0,31
133104-103564,Garrett Wilson,WR,NYJ,TEN,6900,11.642857142857142,15.42,19.0,39.5,1.5,5
133104-88431,Tyler Shough,QB,NO,DET,6900,15.450909701260654,15.07,21.25,49.5,7.0,8
133104-103064,Breece Hall,RB,NYJ,TEN,6900,12.603750228881836,15.2,19.0,39.5,1.5,21
133104-151794,Brock Bowers,TE,LV,MIA,6800,12.516666412353516,17.11,22.5,41.5,-3.5,5
133104-129471,C.J. Stroud,QB,HOU,BUF,6800,14.88249969482422,14.73,21.5,44.5,1.5,28
133104-167620,Tetairoa McMillan,WR,CAR,CHI,6800,10.72222222222222,16.13,22.25,47.5,3.0,6
133104-119606,Bryce Young,QB,CAR,CHI,6800,15.117647058823527,16.88,22.25,47.5,3.0,7
133104-89956,Travis Etienne Jr.,RB,NO,DET,6800,14.555555555555555,13.19,21.25,49.5,7.0,23
133104-175137,Fernando Mendoza,QB,LV,MIA,6700,,6.03,22.5,41.5,-3.5,9
133104-120033,Rome Odunze,WR,CHI,CAR,6700,10.064285278320312,12.57,25.25,47.5,-3.0,22
133104-22038,Kirk Cousins,QB,LV,MIA,6700,11.154000091552737,12.18,22.5,41.5,-3.5,9
133104-160620,Bhayshul Tuten,RB,JAC,CLE,6700,5.543749809265137,8.03,24.5,40.5,-8.5,11
133104-26483,Geno Smith,QB,NYJ,TEN,6700,12.926666259765623,13.44,19.0,39.5,1.5,6
133104-137516,Parker Washington,WR,JAC,CLE,6600,10.888235653147978,9.89,24.5,40.5,-8.5,30
133104-168356,Cam Ward,QB,TEN,NYJ,6600,11.39176492130055,14.85,20.5,39.5,-1.5,3
133104-90572,Tua Tagovailoa,QB,ATL,PIT,6600,12.764285496303014,13.52,19.5,42.5,3.5,5
133104-91598,D'Andre Swift,RB,CHI,CAR,6600,13.577777438693577,15.46,25.25,47.5,-3.0,7
133104-133472,Ladd McConkey,WR,LAC,ARI,6500,9.329412123736214,15.16,28.75,47.5,-10.0,19
133104-112057,Jaylen Warren,RB,PIT,ATL,6500,12.252941355985756,13.41,23.0,42.5,-3.5,22
133104-63043,DJ Moore,WR,BUF,HOU,6500,9.188421149002878,10.7,23.0,44.5,-1.5,26
133104-54879,Deshaun Watson,QB,CLE,JAC,6500,11.388571602957589,9.95,16.0,40.5,8.5,16
133104-87691,Malik Willis,QB,MIA,LV,6500,12.795000076293944,14.15,19.0,41.5,3.5,18
133104-184183,Shedeur Sanders,QB,CLE,JAC,6500,12.237500190734863,10.8,16.0,40.5,8.5,16
133104-152655,Emeka Egbuka,WR,TB,CIN,6400,10.18823511460248,12.69,23.5,50.5,3.5,31
133104-169410,Quinshon Judkins,RB,CLE,JAC,6400,11.414285932268417,10.91,16.0,40.5,8.5,16
133104-169776,Christian Watson,WR,GB,MIN,6400,11.727272727272728,9.19,22.5,46.5,1.5,32
133104-55635,Chris Godwin Jr.,WR,TB,CIN,6300,7.722222222222222,8.31,23.5,50.5,3.5,31
133104-89612,Michael Wilson,WR,ARI,LAC,6300,11.211765064912685,8.87,18.75,47.5,10.0,23
133104-160303,Tucker Kraft,TE,GB,MIN,6300,13.399999618530272,7.49,22.5,46.5,1.5,30
133104-73273,David Montgomery,RB,HOU,BUF,6300,9.289411656996784,13.32,21.5,44.5,1.5,10
133104-44715,Cooper Rush,QB,ATL,PIT,6300,1.4299999475479126,2.18,19.5,42.5,3.5,5
133104-152575,J.J. McCarthy,QB,MIN,GB,6300,13.73800048828125,13.82,24.0,46.5,-1.5,20
133104-166092,Luther Burden III,WR,CHI,CAR,6200,7.035294027889476,12.17,25.25,47.5,-3.0,22
133104-138774,Woody Marks,RB,HOU,BUF,6200,8.994444105360243,8.92,21.5,44.5,1.5,10
133104-56250,Terry McLaurin,WR,WAS,PHI,6200,9.519999694824218,7.87,19.5,44.5,5.5,25
133104-129210,Jordan Addison,WR,MIN,GB,6100,8.578571319580078,10.71,24.0,46.5,-1.5,14
133104-151745,Brian Thomas Jr.,WR,JAC,CLE,6100,8.260000101725261,7.27,24.5,40.5,-8.5,30
133104-72297,Rico Dowdle,RB,PIT,ATL,6100,11.544444613986546,13.28,23.0,42.5,-3.5,22
133104-103444,Jacob Clark,QB,LV,MIA,6000,,6.03,22.5,41.5,-3.5,9
133104-14377,Tyrod Taylor,QB,GB,MIN,6000,10.743333180745443,9.01,22.5,46.5,1.5,32
133104-243753,Jack Strand,QB,ATL,PIT,6000,,5.75,19.5,42.5,3.5,5
133104-152646,Kyle McCord,QB,MIA,LV,6000,,4.07,19.0,41.5,3.5,18
133104-152673,Athan Kaliakmanis,QB,WAS,PHI,6000,,3.71,19.5,44.5,5.5,22
133104-160938,Quinn Ewers,QB,JAC,CLE,6000,8.920000076293945,7.93,24.5,40.5,-8.5,30
133104-86200,Sean Clifford,QB,CIN,TB,6000,,7.99,27.0,50.5,-3.5,2
133104-149696,Trey Lance,QB,LAC,ARI,6000,3.634999990463257,6.1,28.75,47.5,-10.0,10
133104-93382,Aidan O'Connell,QB,LV,MIA,6000,4.78000020980835,5.81,22.5,41.5,-3.5,9
133104-69833,Shane Buechele,QB,BUF,HOU,6000,3.920000076293945,2.91,23.0,44.5,-1.5,27
133104-86243,Will Levis,QB,TEN,NYJ,6000,10.99500020345052,12.24,20.5,39.5,-1.5,3
133104-152820,Taylen Green,QB,CLE,JAC,6000,,3.56,16.0,40.5,8.5,16
133104-63759,Tony Pollard,RB,TEN,NYJ,6000,10.488235473632812,13.02,20.5,39.5,-1.5,1
133104-129315,Anthony Richardson Sr.,QB,IND,BAL,6000,0.8299999833106995,1.49,22.0,47.5,3.5,11
133104-90406,Zach Wilson,QB,NO,DET,6000,0.3449999988079071,1.18,21.25,49.5,7.0,8
133104-120105,Will Howard,QB,PIT,ATL,6000,,5.43,23.0,42.5,-3.5,15
133104-86312,Alec Pierce,WR,IND,BAL,6000,11.053333536783857,11.21,22.0,47.5,3.5,4
133104-61798,Gardner Minshew II,QB,ARI,LAC,6000,0.1700000017881393,1.0,18.75,47.5,10.0,31
133104-151938,Luke Altmyer,QB,DET,NO,6000,,5.06,28.25,49.5,-7.0,29
133104-103824,Easton Stick,QB,TB,CIN,6000,,5.92,23.5,50.5,3.5,12
133104-70051,Tyler Huntley,QB,BAL,IND,6000,8.027999877929688,9.32,25.5,47.5,-3.5,13
133104-151969,Miller Moss,QB,CHI,CAR,6000,,4.67,25.25,47.5,-3.0,26
133104-60840,Jake Browning,QB,TB,CIN,6000,11.34800033569336,12.26,23.5,50.5,3.5,12
133104-166314,Cade Klubnik,QB,NYJ,TEN,6000,,5.51,19.0,39.5,1.5,6
133104-110000,Connor Bazelak,QB,TB,CIN,6000,,5.92,23.5,50.5,3.5,12
133104-185776,Tyson Bagent,QB,CHI,CAR,6000,1.2899999618530271,1.0,25.25,47.5,-3.0,26
133104-22994,Case Keenum,QB,CHI,CAR,6000,,4.67,25.25,47.5,-3.0,26
133104-53729,Mason Rudolph,QB,PIT,ATL,6000,2.8466666539510093,3.28,23.0,42.5,-3.5,15
133104-152044,Kyron Drones,QB,GB,MIN,6000,,3.27,22.5,46.5,1.5,32
133104-25079,Stefon Diggs,WR,WAS,PHI,6000,9.847619192940847,8.2,19.5,44.5,5.5,25
133104-134655,Hunter Dekkers,QB,NO,DET,6000,,5.83,21.25,49.5,7.0,8
133104-89607,Tanner McKee,QB,PHI,WAS,6000,3.690000057220459,5.94,25.0,44.5,-5.5,4
133104-160265,Mark Gronowski,QB,MIA,LV,6000,,4.07,19.0,41.5,3.5,18
133104-102933,Kedon Slovis,QB,GB,MIN,6000,-0.0399999991059303,3.27,22.5,46.5,1.5,32
133104-89628,Davis Mills,QB,HOU,BUF,6000,11.59999974568685,10.09,21.5,44.5,1.5,28
133104-87594,Sam Hartman,QB,WAS,PHI,6000,,3.71,19.5,44.5,5.5,22
133104-6714,Joe Flacco,QB,CIN,TB,6000,12.512307974008412,15.5,27.0,50.5,-3.5,2
133104-208467,Cam Miller,QB,MIA,LV,6000,,4.07,19.0,41.5,3.5,18
133104-41562,Nick Mullens,QB,JAC,CLE,6000,-0.0099999997764825,4.0,24.5,40.5,-8.5,30
133104-208491,Cole Payton,QB,PHI,WAS,6000,,7.25,25.0,44.5,-5.5,4
133104-135811,Jalon Daniels,QB,TB,CIN,6000,,5.92,23.5,50.5,3.5,12
133104-187015,Joey Aguilar,QB,JAC,CLE,6000,,4.0,24.5,40.5,-8.5,30
133104-184983,Joe Fagnano,QB,BAL,IND,6000,,6.29,25.5,47.5,-3.5,13
133104-29358,Marcus Mariota,QB,WAS,PHI,6000,13.25,11.96,19.5,44.5,5.5,22
133104-70324,Carson Wentz,QB,MIN,GB,6000,16.267999267578126,16.35,24.0,46.5,-1.5,20
133104-166588,Colston Loveland,TE,CHI,CAR,6000,9.411110772026907,12.92,25.25,47.5,-3.0,16
133104-139985,Bailey Zappe,QB,NYJ,TEN,6000,4.5,5.01,19.0,39.5,1.5,6
133104-38628,Mitchell Trubisky,QB,TEN,NYJ,6000,7.78000020980835,9.03,20.5,39.5,-1.5,3
133104-92975,Malik Cunningham,QB,DET,NO,6000,0.1000000014901161,1.0,28.25,49.5,-7.0,29
133104-120639,Quentin Johnston,WR,LAC,ARI,6000,10.87142835344587,11.74,28.75,47.5,-10.0,19
133104-154450,Riley Leonard,QB,IND,BAL,6000,6.4,7.06,22.0,47.5,3.5,11
133104-8023,Josh Johnson,QB,CIN,TB,6000,8.793333053588867,11.78,27.0,50.5,-3.5,2
133104-119641,Brady Cook,QB,MIA,LV,6000,7.091999816894531,6.16,19.0,41.5,3.5,18
133104-53095,Kyle Allen,QB,BUF,HOU,6000,-0.1500000059604644,3.99,23.0,44.5,-1.5,27
133104-92020,Kenny Pickett,QB,CAR,CHI,6000,1.6200000445048015,2.82,22.25,47.5,3.0,7
133104-119670,Carson Beck,QB,ARI,LAC,6000,,2.45,18.75,47.5,10.0,31
133104-14225,Andy Dalton,QB,PHI,WAS,6000,2.630000114440918,4.88,25.0,44.5,-5.5,4
133104-128944,Haynes King,QB,CAR,CHI,6000,,6.2,22.25,47.5,3.0,7
133104-111557,Spencer Rattler,QB,NO,DET,6000,11.515555487738716,12.35,21.25,49.5,7.0,8
133104-200653,Max Brosmer,QB,MIN,GB,6000,1.1742857524326868,1.25,24.0,46.5,-1.5,20
133104-85983,Hendon Hooker,QB,TEN,NYJ,6000,0.6700000166893005,1.92,20.5,39.5,-1.5,3
133104-166892,Drew Allar,QB,PIT,ATL,6000,,5.43,23.0,42.5,-3.5,15
133104-129010,DJ Uiagalelei,QB,LAC,ARI,6000,,7.47,28.75,47.5,-10.0,10
133104-152651,Marvin Harrison Jr.,WR,ARI,LAC,5900,8.941666920979818,9.88,18.75,47.5,10.0,23
133104-61593,Jauan Jennings,WR,MIN,GB,5900,9.368234970990349,7.45,24.0,46.5,-1.5,14
133104-90428,Tyler Allgeier,RB,ARI,LAC,5900,6.823529411764706,3.67,18.75,47.5,10.0,29
133104-86518,Khalil Shakir,WR,BUF,HOU,5900,8.811111450195312,8.61,23.0,44.5,-1.5,26
133104-40442,Aaron Jones Sr.,RB,MIN,GB,5900,8.72499974568685,11.09,24.0,46.5,-1.5,14
133104-64555,Calvin Ridley,WR,TEN,NYJ,5800,5.971428462437221,7.74,20.5,39.5,-1.5,16
133104-63634,Jakobi Meyers,WR,JAC,CLE,5800,8.235294117647058,7.24,24.5,40.5,-8.5,30
133104-105646,Sam LaPorta,TE,DET,NO,5800,9.655555725097656,11.85,28.25,49.5,-7.0,22
133104-110974,Malik Washington,WR,MIA,LV,5800,5.511764526367188,6.57,19.0,41.5,3.5,13
133104-87467,Chuba Hubbard,RB,CAR,CHI,5800,8.081250190734863,11.34,22.25,47.5,3.0,18
133104-69213,Michael Pittman Jr.,WR,PIT,ATL,5800,9.72941140567555,13.7,23.0,42.5,-3.5,7
133104-188171,Jeremiyah Love,RB,ARI,LAC,5800,,11.54,18.75,47.5,10.0,29
133104-158968,Jonathon Brooks,RB,CAR,CHI,5700,2.0,11.34,22.25,47.5,3.0,18
133104-89455,Jayden Reed,WR,GB,MIN,5700,8.783333460489908,8.3,22.5,46.5,1.5,32
133104-117178,Jacory Croskey-Merritt,RB,WAS,PHI,5700,8.341176650103401,8.26,19.5,44.5,5.5,12
133104-90561,Jerry Jeudy,WR,CLE,JAC,5700,5.6294115851907165,6.7,16.0,40.5,8.5,16
133104-29253,Keenan Allen,WR,IND,BAL,5700,8.288888719346788,8.69,22.0,47.5,3.5,4
133104-172699,Harold Fannin Jr.,TE,CLE,JAC,5700,9.587499618530272,9.69,16.0,40.5,8.5,16
133104-166916,Matthew Golden,WR,GB,MIN,5600,4.793333435058594,9.18,22.5,46.5,1.5,32
133104-103619,Tre Tucker,WR,LV,MIA,5600,8.011764526367188,9.45,22.5,41.5,-3.5,15
133104-129305,Josh Downs,WR,IND,BAL,5600,6.712500095367432,10.62,22.0,47.5,3.5,4
133104-137530,Tyler Warren,TE,IND,BAL,5600,8.852941176470589,11.1,22.0,47.5,3.5,26
133104-183756,Carnell Tate,WR,TEN,NYJ,5600,,11.67,20.5,39.5,-1.5,16
133104-137902,Rachaad White,RB,WAS,PHI,5600,7.235294117647059,7.15,19.5,44.5,5.5,12
133104-144102,Kyle Monangai,RB,CHI,CAR,5600,8.331579107987253,13.4,25.25,47.5,-3.0,7
133104-86080,Kyle Pitts Sr.,TE,ATL,PIT,5500,9.988235473632812,11.29,19.5,42.5,3.5,4
133104-183380,Makai Lemon,WR,PHI,WAS,5500,,10.18,25.0,44.5,-5.5,9
133104-42104,Alvin Kamara,RB,NO,DET,5500,7.654545177112926,5.89,21.25,49.5,7.0,23
133104-110259,Treylon Burks,WR,WAS,PHI,5500,3.0,1.35,19.5,44.5,5.5,25
133104-90912,Kenny Gainwell,RB,TB,CIN,5500,10.633332994249132,12.66,23.5,50.5,3.5,4
133104-110457,Dontayvion Wicks,WR,PHI,WAS,5500,4.676923018235427,8.93,25.0,44.5,-5.5,9
133104-86229,Jahan Dotson,WR,ATL,PIT,5400,2.575000047683716,5.56,19.5,42.5,3.5,8
133104-120042,Jalen McMillan,WR,TB,CIN,5400,6.724999904632568,6.79,23.5,50.5,3.5,31
133104-151789,Adonai Mitchell,WR,NYJ,TEN,5400,4.75,8.69,19.0,39.5,1.5,5
133104-64808,Juwan Johnson,TE,NO,DET,5400,8.3176466997932,9.06,21.25,49.5,7.0,13
133104-201547,Jalen Coker,WR,CAR,CHI,5400,8.40000025431315,10.54,22.25,47.5,3.0,6
133104-86875,Jordan Mason,RB,MIN,GB,5400,7.806250095367432,9.55,24.0,46.5,-1.5,14
133104-87127,Chris Rodriguez Jr.,RB,JAC,CLE,5300,7.541666666666667,10.03,24.5,40.5,-8.5,11
133104-103539,Wan'Dale Robinson,WR,TEN,NYJ,5300,11.306249618530272,10.04,20.5,39.5,-1.5,16
133104-83074,Dallas Goedert,TE,PHI,WAS,5300,10.96875,12.79,25.0,44.5,-5.5,7
133104-158438,Oronde Gadsden II,TE,LAC,ARI,5300,7.150000095367432,10.58,28.75,47.5,-10.0,2
133104-184184,Travis Hunter,WR,JAC,CLE,5300,7.542857033865792,6.55,24.5,40.5,-8.5,30
133104-64389,Nick Westbrook-Ikhine,WR,IND,BAL,5300,1.309090874411843,2.81,22.0,47.5,3.5,4
133104-64496,Olamide Zaccheaus,WR,ATL,PIT,5300,4.625,5.02,19.5,42.5,3.5,8
133104-145558,Dalton Kincaid,TE,BUF,HOU,5200,10.014285496303014,8.87,23.0,44.5,-1.5,17
133104-52436,Mark Andrews,TE,BAL,IND,5200,6.294117647058823,11.88,25.5,47.5,-3.5,9
133104-166112,Ollie Gordon II,RB,MIA,LV,5200,2.9764704984777115,1.82,19.0,41.5,3.5,13
133104-166323,Antonio Williams,WR,WAS,PHI,5200,,3.35,19.5,44.5,5.5,25
133104-90562,Brian Robinson Jr.,RB,ATL,PIT,5200,3.142105303312603,3.22,19.5,42.5,3.5,26
133104-88548,Jalen Tolbert,WR,MIA,LV,5200,3.390909021550959,3.06,19.0,41.5,3.5,13
133104-92859,Jalen Nailor,WR,LV,MIA,5200,5.247058644014246,8.48,22.5,41.5,-3.5,15
133104-85845,Rashod Bateman,WR,BAL,IND,5200,3.5307693481445312,9.92,25.5,47.5,-3.5,2
133104-103587,Brenton Strange,TE,JAC,CLE,5100,7.453846271221455,7.9,24.5,40.5,-8.5,18
133104-183649,KC Concepcion,WR,CLE,JAC,5100,,7.64,16.0,40.5,8.5,16
133104-174486,Dylan Sampson,RB,CLE,JAC,5100,4.73999989827474,2.78,16.0,40.5,8.5,16
133104-128624,Tez Johnson,WR,TB,CIN,5100,5.226666768391927,3.86,23.5,50.5,3.5,31
133104-128633,Kimani Vidal,RB,LAC,ARI,5100,8.928571428571429,7.05,28.75,47.5,-10.0,2
133104-86687,Hollywood Brown,WR,PHI,WAS,5100,7.074999809265137,8.72,25.0,44.5,-5.5,9
133104-172715,Omar Cooper Jr.,WR,NYJ,TEN,5100,,6.32,19.0,39.5,1.5,5
133104-55042,Dalton Schultz,TE,HOU,BUF,5100,7.636842426500823,6.38,21.5,44.5,1.5,32
133104-71706,T.J. Hockenson,TE,MIN,GB,5000,5.820000203450521,8.92,24.0,46.5,-1.5,23
133104-103511,Devaughn Vele,WR,NO,DET,5000,5.977777693006727,10.74,21.25,49.5,7.0,3
133104-88297,Chig Okonkwo,TE,WAS,PHI,5000,5.647058823529412,3.28,19.5,44.5,5.5,31
133104-12554,Jacksonville Jaguars,D,JAC,CLE,5000,8.166666666666666,11.57,24.5,40.5,-8.5,16
133104-152007,Jaylin Noel,WR,HOU,BUF,5000,2.9157895539936267,6.78,21.5,44.5,1.5,28
133104-88575,Elijah Moore,WR,PHI,WAS,5000,2.5,4.15,25.0,44.5,-5.5,9
133104-63050,Ty Johnson,RB,BUF,HOU,5000,5.194117826573989,3.6,23.0,44.5,-1.5,27
133104-86811,Cade Otton,TE,TB,CIN,5000,6.179999796549479,8.41,23.5,50.5,3.5,1
133104-107293,Tyjae Spears,RB,TEN,NYJ,5000,6.861538226787861,10.83,20.5,39.5,-1.5,1
133104-172861,Elic Ayomanor,WR,TEN,NYJ,5000,6.0,5.68,20.5,39.5,-1.5,16
133104-137059,Sean Tucker,RB,TB,CIN,5000,5.317647148581112,7.19,23.5,50.5,3.5,4
133104-119653,Kayshon Boutte,WR,HOU,BUF,5000,7.66111077202691,7.25,21.5,44.5,1.5,28
133104-185593,Andrei Iosivas,WR,CIN,TB,4900,4.893333435058594,5.96,27.0,50.5,-3.5,18
133104-12547,Pittsburgh Steelers,D,PIT,ATL,4900,7.833333333333333,9.03,23.0,42.5,-3.5,16
133104-133477,Darnell Washington,TE,PIT,ATL,4900,4.453846271221455,3.68,23.0,42.5,-3.5,25
133104-190930,Ja'Kobi Lane,WR,BAL,IND,4900,,9.16,25.5,47.5,-3.5,2
133104-152103,Jaylen Wright,RB,MIA,LV,4900,5.411111195882161,2.56,19.0,41.5,3.5,13
133104-157467,Keon Coleman,WR,BUF,HOU,4900,7.0,6.11,23.0,44.5,-1.5,26
133104-91931,Greg Dulcich,TE,MIA,LV,4900,5.533333248562283,3.28,19.0,41.5,3.5,29
133104-166749,LeQuint Allen Jr.,RB,JAC,CLE,4900,1.2647058823529411,3.75,24.5,40.5,-8.5,11
133104-119697,MarShawn Lloyd,RB,GB,MIN,4900,2.299999952316284,11.69,22.5,46.5,1.5,25
133104-56265,Mike Gesicki,TE,CIN,TB,4900,4.725000063578288,7.6,27.0,50.5,-3.5,3
133104-55335,David Njoku,TE,LAC,ARI,4800,6.345454822887074,9.77,28.75,47.5,-10.0,2
133104-168054,Mason Taylor,TE,NYJ,TEN,4800,5.146153963529146,5.18,19.0,39.5,1.5,10
133104-151741,Jack Bech,WR,LV,MIA,4800,2.700000127156576,3.01,22.5,41.5,-3.5,15
133104-183488,Isaac TeSlaa,WR,DET,NO,4800,4.850000108991351,5.15,28.25,49.5,-7.0,27
133104-167110,Denzel Boston,WR,CLE,JAC,4800,,6.84,16.0,40.5,8.5,16
133104-52451,Samaje Perine,RB,CIN,TB,4800,4.626666768391927,8.44,27.0,50.5,-3.5,16
133104-86244,Pat Freiermuth,TE,PIT,ATL,4800,6.150000095367432,7.66,23.0,42.5,-3.5,25
133104-12527,Chicago Bears,D,CHI,CAR,4800,6.368421052631579,7.25,25.25,47.5,-3.0,16
133104-120085,Seth McGowan,RB,IND,BAL,4800,,5.18,22.0,47.5,3.5,15
133104-114198,Xavier Legette,WR,CAR,CHI,4800,4.568749904632568,7.27,22.25,47.5,3.0,6
133104-152148,Gunnar Helm,TE,TEN,NYJ,4800,4.356249809265137,8.14,20.5,39.5,-1.5,8
133104-158412,Braelon Allen,RB,NYJ,TEN,4800,3.575000047683716,3.33,19.0,39.5,1.5,21
133104-70422,Kalif Raymond,WR,CHI,CAR,4800,3.914285659790039,4.07,25.25,47.5,-3.0,22
133104-119788,Xavier Hutchinson,WR,HOU,BUF,4800,5.0,3.5,21.5,44.5,1.5,28
133104-64585,Dawson Knox,TE,BUF,HOU,4700,5.272222306993273,5.46,23.0,44.5,-1.5,17
133104-129112,Chimere Dike,WR,TEN,NYJ,4700,6.005882263183594,5.69,20.5,39.5,-1.5,16
133104-12532,Detroit Lions,D,DET,NO,4700,5.705882352941177,8.18,28.25,49.5,-7.0,16
133104-154971,Devin Neal,RB,NO,DET,4700,5.722222222222222,3.95,21.25,49.5,7.0,23
133104-80289,Kendrick Bourne,WR,ARI,LAC,4700,5.306666564941406,3.71,18.75,47.5,10.0,23
133104-129546,Tre' Harris,WR,LAC,ARI,4700,3.376470677992877,7.02,28.75,47.5,-10.0,19
133104-184873,Kenyon Sadiq,TE,NYJ,TEN,4700,,5.12,19.0,39.5,1.5,10
133104-167636,Germie Bernard,WR,PIT,ATL,4700,,8.2,23.0,42.5,-3.5,7
133104-138037,Roman Wilson,WR,PIT,ATL,4700,3.6222220526801214,5.01,23.0,42.5,-3.5,7
133104-103308,Jawhar Jordan,RB,HOU,BUF,4700,7.300000190734863,7.96,21.5,44.5,1.5,10
133104-183251,Zachariah Branch,WR,ATL,PIT,4700,,5.03,19.5,42.5,3.5,8
133104-103378,Erick All Jr.,TE,CIN,TB,4700,3.2249999046325684,6.09,27.0,50.5,-3.5,3
133104-91101,Tommy Tremble,TE,CAR,CHI,4700,3.3812499046325684,3.02,22.25,47.5,3.0,20
133104-166896,Kaytron Allen,RB,WAS,PHI,4700,,4.92,19.5,44.5,5.5,12
133104-71705,Noah Fant,TE,NO,DET,4600,4.446153787466196,4.68,21.25,49.5,7.0,13
133104-103547,Luke McCaffrey,WR,WAS,PHI,4600,5.088888804117839,3.44,19.5,44.5,5.5,25
133104-174245,Isaiah Bond,WR,CLE,JAC,4600,3.046666717529297,1.61,16.0,40.5,8.5,16
133104-12548,Los Angeles Chargers,D,LAC,ARI,4600,6.888888888888889,10.26,28.75,47.5,-10.0,16
133104-158983,Ja'Tavion Sanders,TE,CAR,CHI,4600,3.590909090909091,3.23,22.25,47.5,3.0,20
133104-103694,Ray Davis,RB,BUF,HOU,4600,3.389473764519942,1.06,23.0,44.5,-1.5,27
133104-102696,John Metchie III,WR,CAR,CHI,4600,4.261538578913762,5.58,22.25,47.5,3.0,6
133104-93538,Dyami Brown,WR,WAS,PHI,4600,3.609090978449041,1.96,19.5,44.5,5.5,25
133104-87418,Joshua Palmer,WR,BUF,HOU,4600,3.441666603088379,2.55,23.0,44.5,-1.5,26
133104-56711,Drew Sample,TE,CIN,TB,4600,2.218181783502752,5.09,27.0,50.5,-3.5,3
133104-172647,Caleb Douglas,WR,MIA,LV,4600,,6.49,19.0,41.5,3.5,13
133104-128693,Tank Bigsby,RB,PHI,WAS,4600,3.575000047683716,7.82,25.0,44.5,-5.5,3
133104-138998,Michael Mayer,TE,LV,MIA,4600,4.33076917208158,5.84,22.5,41.5,-3.5,5
133104-166898,Nick Singleton,RB,TEN,NYJ,4600,,6.48,20.5,39.5,-1.5,1
133104-183410,Malik Benson,WR,LV,MIA,4500,,5.3,22.5,41.5,-3.5,15
133104-90307,Daniel Bellinger,TE,TEN,NYJ,4500,4.174999872843425,4.82,20.5,39.5,-1.5,8
133104-12545,Philadelphia Eagles,D,PHI,WAS,4500,7.777777777777778,9.41,25.0,44.5,-5.5,16
133104-91488,Chris Brooks,RB,GB,MIN,4500,1.837499976158142,6.7,22.5,46.5,1.5,25
133104-129422,Nate Boerkircher,TE,JAC,CLE,4500,,5.45,24.5,40.5,-8.5,18
133104-154008,Mike Washington Jr.,RB,LV,MIA,4500,,9.17,22.5,41.5,-3.5,8
133104-193004,Jahdae Walker,WR,CHI,CAR,4500,7.900000254313151,8.05,25.25,47.5,-3.0,22
133104-92677,Zavier Scott,RB,CHI,CAR,4500,3.220000076293945,6.37,25.25,47.5,-3.0,7
133104-206341,Ted Hurst III,WR,TB,CIN,4500,,3.63,23.5,50.5,3.5,31
133104-160306,Pierre Strong Jr.,RB,GB,MIN,4500,2.350000063578288,1.46,22.5,46.5,1.5,25
133104-184917,Elijah Sarratt,WR,BAL,IND,4500,,7.62,25.5,47.5,-3.5,2
133104-155293,DJ Giddens,RB,IND,BAL,4500,1.920000076293945,2.1,22.0,47.5,3.5,15
133104-156527,Devontez Walker,WR,BAL,IND,4500,5.766666412353516,8.38,25.5,47.5,-3.5,2
133104-128912,Mitch Tinsley,WR,HOU,BUF,4500,3.450000047683716,1.95,21.5,44.5,1.5,28
133104-91047,Cole Kmet,TE,CHI,CAR,4500,4.133333418104384,5.01,25.25,47.5,-3.0,16
133104-91046,Brock Wright,TE,DET,NO,4500,4.257142748151507,5.16,28.25,49.5,-7.0,22
133104-69558,Greg Dortch,WR,BUF,HOU,4500,5.049999872843425,4.16,23.0,44.5,-1.5,26
133104-152607,Deion Burks,WR,IND,BAL,4400,,6.5,22.0,47.5,3.5,4
133104-137265,Ben Sinnott,TE,WAS,PHI,4400,2.862499952316284,1.0,19.5,44.5,5.5,31
133104-86113,Ihmir Smith-Marsette,WR,ARI,LAC,4400,0.4,1.0,18.75,47.5,10.0,23
133104-12556,Houston Texans,D,HOU,BUF,4400,10.842105263157896,4.84,21.5,44.5,1.5,16
133104-60712,Foster Moreau,TE,HOU,BUF,4400,1.3428570883614677,1.0,21.5,44.5,1.5,32
133104-87432,Cedric Tillman,WR,NO,DET,4400,4.125,5.56,21.25,49.5,7.0,3
133104-25011,Darren Waller,TE,CAR,CHI,4400,9.587499618530272,9.23,22.25,47.5,3.0,20
133104-92606,Bo Melton,WR,GB,MIN,4400,1.850000063578288,1.0,22.5,46.5,1.5,32
133104-157150,Audric Estime,RB,NO,DET,4400,8.419999694824218,6.65,21.25,49.5,7.0,23
133104-154245,Seydou Traore,TE,MIA,LV,4400,,2.75,19.0,41.5,3.5,29
133104-158402,Skyler Bell,WR,BUF,HOU,4400,,4.11,23.0,44.5,-1.5,26
133104-170825,Chris Bell,WR,MIA,LV,4400,,4.67,19.0,41.5,3.5,13
133104-71521,Justice Hill,RB,BAL,IND,4400,5.470000076293945,8.81,25.5,47.5,-3.5,20
133104-134023,Keaton Mitchell,RB,LAC,ARI,4400,3.915384732759916,10.84,28.75,47.5,-10.0,2
133104-128986,Jaylin Lane,WR,WAS,PHI,4400,2.942857197352818,1.3,19.5,44.5,5.5,25
133104-72705,John Bates,TE,WAS,PHI,4300,2.422222137451172,1.0,19.5,44.5,5.5,31
133104-60451,Tyler Conklin,TE,DET,NO,4300,2.300000031789144,3.2,28.25,49.5,-7.0,22
133104-28827,Dare Ogunbowale,RB,LV,MIA,4300,1.7363636710427024,4.08,22.5,41.5,-3.5,8
133104-173241,Barion Brown,WR,NO,DET,4300,,6.43,21.25,49.5,7.0,3
133104-166106,Damien Martinez,RB,GB,MIN,4300,,4.11,22.5,46.5,1.5,25
133104-151777,Eli Stowers,TE,PHI,WAS,4300,,6.89,25.0,44.5,-5.5,7
133104-86255,Josh Whyle,TE,GB,MIN,4300,1.9000000272478377,1.0,22.5,46.5,1.5,30
133104-174329,Brenen Thompson,WR,LAC,ARI,4300,,6.39,28.75,47.5,-10.0,19
133104-151806,Raheim Sanders,RB,CLE,JAC,4300,4.699999809265137,2.46,16.0,40.5,8.5,16
133104-12555,Baltimore Ravens,D,BAL,IND,4300,5.705882352941177,7.18,25.5,47.5,-3.5,16
133104-33047,Chris Moore,WR,BAL,IND,4300,3.3099998474121093,5.92,25.5,47.5,-3.5,2
133104-167306,Tanner Koziol,TE,JAC,CLE,4300,,5.45,24.5,40.5,-8.5,18
133104-160213,Isaiah Davis,RB,NYJ,TEN,4300,3.793750047683716,2.5,19.0,39.5,1.5,21
133104-87515,Tylan Wallace,WR,CLE,JAC,4300,1.3888888888888888,1.0,16.0,40.5,8.5,16
133104-201230,Dylan Laube,RB,LV,MIA,4300,0.1294117675108068,2.47,22.5,41.5,-3.5,8
133104-104012,Ashton Dulin,WR,IND,BAL,4300,1.5909090909090908,3.09,22.0,47.5,3.5,4
133104-27229,Ameer Abdullah,RB,JAC,CLE,4300,2.146153816810021,4.63,24.5,40.5,-8.5,11
133104-147168,Chris Blair,WR,ATL,PIT,4300,0.0,5.39,19.5,42.5,3.5,8
133104-57091,Tim Patrick,WR,NYJ,TEN,4300,3.157142911638533,3.79,19.0,39.5,1.5,5
133104-86800,Colson Yankoff,TE,WAS,PHI,4300,0.699999988079071,1.0,19.5,44.5,5.5,31
133104-173994,Zavion Thomas,WR,CHI,CAR,4300,,5.15,25.25,47.5,-3.0,22
133104-168916,Kaleb Johnson,RB,GB,MIN,4300,0.6300000190734864,1.0,22.5,46.5,1.5,25
133104-152537,Tai Felton,WR,MIN,GB,4300,0.4444444444444444,1.24,24.0,46.5,-1.5,14
133104-111637,Cade Stover,TE,HOU,BUF,4200,2.237499952316284,1.0,21.5,44.5,1.5,32
133104-133180,Ben Yurosek,TE,MIN,GB,4200,0.8000000317891439,1.0,24.0,46.5,-1.5,23
133104-64581,Van Jefferson,WR,WAS,PHI,4200,3.9642857142857135,2.32,19.5,44.5,5.5,25
133104-83117,Tanner Hudson,TE,CIN,TB,4200,3.829999923706055,6.7,27.0,50.5,-3.5,3
133104-40126,Austin Hooper,TE,ATL,PIT,4200,3.293750047683716,4.17,19.5,42.5,3.5,4
133104-12533,Green Bay Packers,D,GB,MIN,4200,4.611111111111111,3.0,22.5,46.5,1.5,16
133104-137488,Rasheen Ali,RB,BAL,IND,4200,1.5153846740722656,3.17,25.5,47.5,-3.5,20
133104-171332,Reggie Virgil,WR,ARI,LAC,4200,,3.41,18.75,47.5,10.0,23
133104-93539,Michael Carter,RB,TEN,NYJ,4200,6.346153846153846,7.83,20.5,39.5,-1.5,1
133104-63907,Josh Oliver,TE,MIN,GB,4200,3.9583333333333335,3.68,24.0,46.5,-1.5,23
133104-112041,Isaiah Williams,WR,NYJ,TEN,4200,3.1499998910086497,3.78,19.0,39.5,1.5,5
133104-112101,Jared Wayne,WR,HOU,BUF,4200,3.0,1.5,21.5,44.5,1.5,28
133104-154124,Mitchell Evans,TE,CAR,CHI,4200,2.7642857687813893,2.41,22.25,47.5,3.0,20
133104-103966,Stone Smartt,TE,NO,DET,4200,1.7399999618530273,1.97,21.25,49.5,7.0,13
133104-226859,Darius Cooper,WR,PHI,WAS,4200,2.5166667302449546,4.17,25.0,44.5,-5.5,9
133104-102986,Elijah Higgins,TE,ARI,LAC,4200,2.873333231608073,1.0,18.75,47.5,10.0,28
133104-113228,Luke Musgrave,TE,GB,MIN,4200,2.7571427481515065,1.26,22.5,46.5,1.5,30
133104-87634,Blake Whiteheart,TE,CLE,JAC,4200,0.1749999970197677,1.0,16.0,40.5,8.5,16
133104-200291,Jackson Hawes,TE,BUF,HOU,4200,3.4384615971491885,3.63,23.0,44.5,-1.5,17
133104-88685,Austin Trammell,WR,JAC,CLE,4200,1.0166666507720947,1.0,24.5,40.5,-8.5,30
133104-85672,Terrace Marshall Jr.,WR,MIA,LV,4200,1.1199999809265138,1.0,19.0,41.5,3.5,13
133104-103083,Theo Wease Jr.,WR,LAC,ARI,4200,7.633333206176758,9.02,28.75,47.5,-10.0,19
133104-87815,Jeremy Ruckert,TE,NYJ,TEN,4200,2.723077040452224,2.75,19.0,39.5,1.5,10
133104-103187,Roschon Johnson,RB,CHI,CAR,4200,0.5666666825612386,3.72,25.25,47.5,-3.0,7
133104-128805,KeAndre Lambert-Smith,WR,LAC,ARI,4200,1.5111111534966364,2.9,28.75,47.5,-10.0,19
133104-201535,Kameron Johnson,WR,TB,CIN,4200,0.981249988079071,1.0,23.5,50.5,3.5,31
133104-120657,Kendre Miller,RB,NO,DET,4200,4.399999891008649,2.63,21.25,49.5,7.0,23
133104-93075,Hunter Long,TE,ARI,LAC,4200,3.7857142857142856,1.59,18.75,47.5,10.0,28
133104-42046,Durham Smythe,TE,BAL,IND,4100,0.942857129233224,2.72,25.5,47.5,-3.5,9
133104-79987,David Moore,WR,CAR,CHI,4100,0.7333333492279053,2.06,22.25,47.5,3.0,6
133104-83083,Justin Watson,WR,HOU,BUF,4100,1.5,1.0,21.5,44.5,1.5,28
133104-168076,Sione Vaki,RB,DET,NO,4100,0.0666666676600774,2.53,28.25,49.5,-7.0,19
133104-93391,Payne Durham,TE,TB,CIN,4100,0.3200000047683716,2.56,23.5,50.5,3.5,1
133104-63717,Alec Ingold,RB,LAC,ARI,4100,1.122222264607747,5.75,28.75,47.5,-10.0,2
133104-12526,Buffalo Bills,D,BUF,HOU,4100,6.105263157894737,7.14,23.0,44.5,-1.5,16
133104-94481,Deven Thompkins,WR,LV,MIA,4100,0.6714285441807338,1.0,22.5,41.5,-3.5,15
133104-89437,Tim Jones,WR,JAC,CLE,4100,1.0,1.0,24.5,40.5,-8.5,30
133104-63855,K.J. Osborn,WR,TEN,NYJ,4100,2.171428544180734,1.86,20.5,39.5,-1.5,16
133104-71032,Devin Duvernay,WR,ARI,LAC,4100,0.1894736791911878,1.0,18.75,47.5,10.0,23
133104-56698,Dante Pettis,WR,BUF,HOU,4100,2.171428544180734,1.28,23.0,44.5,-1.5,26
133104-94621,Derius Davis,WR,LAC,ARI,4100,0.0416666666666666,1.43,28.75,47.5,-10.0,19
133104-71105,Ben Skowronek,WR,PIT,ATL,4100,1.2416666348775227,2.63,23.0,42.5,-3.5,7
133104-133615,Dontae Fleming,WR,MIN,GB,4100,,5.8,24.0,46.5,-1.5,14
133104-60981,Charlie Heck,TE,MIA,LV,4100,,2.75,19.0,41.5,3.5,29
133104-147049,Drew Ogletree,TE,IND,BAL,4100,2.1399999618530274,1.0,22.0,47.5,3.5,26
133104-87668,Shedrick Jackson,WR,LV,MIA,4100,4.633333206176758,4.94,22.5,41.5,-3.5,15
133104-88699,Jaret Patterson,RB,LAC,ARI,4100,3.4571429661342075,8.08,28.75,47.5,-10.0,2
133104-85635,Charlie Kolar,TE,LAC,ARI,4100,2.40000005868765,5.83,28.75,47.5,-10.0,2
133104-71351,Charlie Woerner,TE,ATL,PIT,4100,1.100000023841858,1.98,19.5,42.5,3.5,4
133104-71352,Mecole Hardman Jr.,WR,BUF,HOU,4100,1.6333333651224773,1.0,23.0,44.5,-1.5,26
133104-110274,Bub Means,WR,NO,DET,4100,5.574999809265137,7.01,21.25,49.5,7.0,3
133104-86747,Dylan Drummond,WR,ATL,PIT,4100,1.5399999618530271,1.93,19.5,42.5,3.5,8
133104-157438,Jimmy Horn Jr.,WR,CAR,CHI,4100,2.109090978449041,3.43,22.25,47.5,3.0,6
133104-72515,Ian Thomas,TE,LV,MIA,4100,2.557142802647182,4.06,22.5,41.5,-3.5,5
133104-61273,Scotty Miller,WR,CHI,CAR,4100,2.1399999618530274,2.29,25.25,47.5,-3.0,22
133104-169834,Dareke Young,WR,LV,MIA,4100,0.5800000190734863,1.0,22.5,41.5,-3.5,15
133104-128913,Malachi Corley,WR,CLE,JAC,4100,2.175000031789144,1.0,16.0,40.5,8.5,16
133104-137122,Tahj Brooks,RB,CIN,TB,4100,0.737500011920929,3.25,27.0,50.5,-3.5,16
133104-91055,Kevin Austin Jr.,WR,NO,DET,4100,5.3,6.73,21.25,49.5,7.0,3
133104-137139,Myles Price,WR,MIN,GB,4100,-0.375,5.8,24.0,46.5,-1.5,14
133104-152520,Will Shipley,RB,PHI,WAS,4100,0.9400000254313152,4.51,25.0,44.5,-5.5,3
133104-69581,Cedrick Wilson Jr.,WR,DET,NO,4100,1.150000015894572,1.45,28.25,49.5,-7.0,27
133104-24533,Mo Alie-Cox,TE,IND,BAL,4100,2.2000000693581323,1.06,22.0,47.5,3.5,26
133104-178158,Colbie Young,WR,CIN,TB,4100,,6.07,27.0,50.5,-3.5,18
133104-173066,CJ Donaldson,RB,NO,DET,4000,,3.23,21.25,49.5,7.0,23
133104-90123,Quintin Morris,TE,JAC,CLE,4000,1.8125,2.26,24.5,40.5,-8.5,18
133104-167950,Oscar Delp,TE,NO,DET,4000,,5.23,21.25,49.5,7.0,13
133104-41997,River Cracraft,WR,WAS,PHI,4000,0.0,3.35,19.5,44.5,5.5,25
133104-156684,Kye Robichaux,RB,DET,NO,4000,,7.46,28.25,49.5,-7.0,19
133104-152593,Harrison Wallace III,WR,ARI,LAC,4000,,3.41,18.75,47.5,10.0,23
133104-139284,Frank Gore Jr.,RB,BUF,HOU,4000,0.550000011920929,1.0,23.0,44.5,-1.5,27
133104-110617,Isaiah Neyor,WR,GB,MIN,4000,,3.27,22.5,46.5,1.5,32
133104-110616,Treyton Welch,TE,NO,DET,4000,,5.23,21.25,49.5,7.0,13
133104-152603,Anthony Tyus III,RB,CAR,CHI,4000,,4.88,22.25,47.5,3.0,18
133104-243751,Treyvhon Saunders,WR,HOU,BUF,4000,,3.5,21.5,44.5,1.5,28
133104-243750,Joshua Pitsenberger,RB,HOU,BUF,4000,,5.66,21.5,44.5,1.5,10
133104-86055,Dameon Pierce,RB,PHI,WAS,4000,0.7199999809265136,4.29,25.0,44.5,-5.5,3
133104-138277,Jalen Brooks,WR,ARI,LAC,4000,1.149999976158142,1.0,18.75,47.5,10.0,23
133104-243752,Daniel Sobkowicz,WR,HOU,BUF,4000,,3.5,21.5,44.5,1.5,28
133104-88109,Gary Brightwell,RB,CIN,TB,4000,0.0,7.51,27.0,50.5,-3.5,16
133104-175154,Jack Endries,TE,CIN,TB,4000,,7.87,27.0,50.5,-3.5,3
133104-152631,Samori Toure,WR,PHI,WAS,4000,0.800000011920929,2.45,25.0,44.5,-5.5,9
133104-129081,Ahmani Marshall,RB,CAR,CHI,4000,,4.88,22.25,47.5,3.0,18
133104-173113,Eli Heidenreich,RB,PIT,ATL,4000,,5.79,23.0,42.5,-3.5,22
133104-155715,Devonte Ross,WR,LAC,ARI,4000,,6.39,28.75,47.5,-10.0,19
133104-87109,Bryce Oliver,WR,CLE,JAC,4000,1.2999999523162842,1.0,16.0,40.5,8.5,16
133104-174148,Carlos Washington Jr.,RB,MIA,LV,4000,,4.67,19.0,41.5,3.5,13
133104-168005,CJ Williams,WR,JAC,CLE,4000,,4.0,24.5,40.5,-8.5,30
133104-87117,Brenden Bates,TE,CLE,JAC,4000,1.3600000381469726,1.0,16.0,40.5,8.5,16
133104-141390,Riley Nowakowski,TE,PIT,ATL,4000,,4.23,23.0,42.5,-3.5,25
133104-65627,Maurice Alexander,WR,CHI,CAR,4000,0.0,5.15,25.25,47.5,-3.0,22
133104-152675,Brady Boyd,WR,JAC,CLE,4000,,4.0,24.5,40.5,-8.5,30
133104-154730,Dean Patterson IV,WR,TB,CIN,4000,,3.63,23.5,50.5,3.5,31
133104-175211,Cortez Braham Jr.,WR,BAL,IND,4000,,7.62,25.5,47.5,-3.5,2
133104-68714,Ko Kieft,TE,TB,CIN,4000,0.0,7.23,23.5,50.5,3.5,1
133104-152681,Le'Meke Brockington,WR,ATL,PIT,4000,,5.39,19.5,42.5,3.5,8
133104-86125,Brandon Smith,WR,PIT,ATL,4000,,6.39,23.0,42.5,-3.5,7
133104-183404,Josh Cuevas,TE,BAL,IND,4000,,6.78,25.5,47.5,-3.5,9
133104-140407,Miles Davis,RB,CAR,CHI,4000,,4.88,22.25,47.5,3.0,18
133104-158836,Lucas Scott,RB,BAL,IND,4000,,6.66,25.5,47.5,-3.5,20
133104-68730,Sean McKeon,TE,IND,BAL,4000,,3.86,22.0,47.5,3.5,26
133104-110721,Dayton Wade,WR,BAL,IND,4000,,7.62,25.5,47.5,-3.5,2
133104-159883,Cash Jones,RB,ATL,PIT,4000,,3.24,19.5,42.5,3.5,26
133104-54426,Andrew Beck,TE,NYJ,TEN,4000,2.2222222222222223,2.25,19.0,39.5,1.5,10
133104-94363,Elijah Cooks,WR,CAR,CHI,4000,,6.32,22.25,47.5,3.0,6
133104-135321,Mac Dalena,WR,BUF,HOU,4000,,4.11,23.0,44.5,-1.5,26
133104-139417,Anderson Castle,RB,IND,BAL,4000,,5.18,22.0,47.5,3.5,15
133104-63646,Lawrence Cager,TE,WAS,PHI,4000,,2.63,19.5,44.5,5.5,31
133104-135325,Rivaldo Fairweather,TE,ARI,LAC,4000,,2.81,18.75,47.5,10.0,28
133104-200865,Coleman Bennett,RB,MIA,LV,4000,,4.67,19.0,41.5,3.5,13
133104-157857,Kyron Hudson,WR,CHI,CAR,4000,,5.15,25.25,47.5,-3.0,22
133104-173230,Josh Kattus,TE,CIN,TB,4000,,7.87,27.0,50.5,-3.5,3
133104-152749,Chamon Metayer,TE,CAR,CHI,4000,,4.64,22.25,47.5,3.0,20
133104-105648,Tyler Goodson,RB,ATL,PIT,4000,0.4199999809265137,1.0,19.5,42.5,3.5,26
133104-151737,E.J. Jenkins,TE,PHI,WAS,4000,2.3999999364217124,4.29,25.0,44.5,-5.5,7
133104-154812,Donaven McCulley,WR,MIA,LV,4000,,4.67,19.0,41.5,3.5,13
133104-151744,Chris Hilton Jr.,WR,GB,MIN,4000,,3.27,22.5,46.5,1.5,32
133104-158916,Bauer Sharp,TE,TB,CIN,4000,,7.23,23.5,50.5,3.5,1
133104-176325,Jack Velling,TE,ATL,PIT,4000,,5.88,19.5,42.5,3.5,4
133104-70859,Albert Okwuegbunam Jr.,TE,LV,MIA,4000,6.099999904632568,7.6,22.5,41.5,-3.5,5
133104-170184,Julius Chestnut,RB,TEN,NYJ,4000,0.3076923076923077,1.79,20.5,39.5,-1.5,1
133104-152784,Raylen Sharpe,WR,IND,BAL,4000,,6.5,22.0,47.5,3.5,4
133104-171217,Demond Claiborne,RB,MIN,GB,4000,,5.8,24.0,46.5,-1.5,14
133104-104661,Patrick Herbert,TE,LAC,ARI,4000,,8.43,28.75,47.5,-10.0,2
133104-25813,Phillip Dorsett II,WR,LV,MIA,4000,,5.3,22.5,41.5,-3.5,15
133104-167124,Evan Svoboda,TE,LAC,ARI,4000,,8.43,28.75,47.5,-10.0,2
133104-226525,Chandler Brayboy,WR,JAC,CLE,4000,,4.0,24.5,40.5,-8.5,30
133104-170208,Kaden Davis,WR,CHI,CAR,4000,0.0,5.15,25.25,47.5,-3.0,22
133104-169185,Jamaal Pritchett,WR,NYJ,TEN,4000,,5.63,19.0,39.5,1.5,5
133104-170214,Dennis Houston,WR,TB,CIN,4000,,3.63,23.5,50.5,3.5,31
133104-130276,Mason Kinsey,WR,TEN,NYJ,4000,1.4500000476837158,1.14,20.5,39.5,-1.5,16
133104-110834,Tahj Washington,WR,PHI,WAS,4000,1.600000023841858,3.25,25.0,44.5,-5.5,9
133104-139510,Caullin Lacy,WR,NYJ,TEN,4000,,5.63,19.0,39.5,1.5,5
133104-151799,Jackson Meeks,WR,DET,NO,4000,,5.3,28.25,49.5,-7.0,27
133104-173300,Octavian Smith Jr.,WR,BAL,IND,4000,,7.62,25.5,47.5,-3.5,2
133104-12540,Minnesota Vikings,D,MIN,GB,4000,8.0,7.5,24.0,46.5,-1.5,16
133104-92413,Elijah Mitchell,RB,PHI,WAS,4000,0.0,8.57,25.0,44.5,-5.5,3
133104-71935,Kendric Pryor,WR,CIN,TB,4000,1.399999976158142,2.47,27.0,50.5,-3.5,18
133104-91401,Ronnie Bell,WR,LV,MIA,4000,4.650000095367432,4.96,22.5,41.5,-3.5,15
133104-137485,E.J. Horton Jr.,WR,IND,BAL,4000,,6.5,22.0,47.5,3.5,4
133104-110868,Josh Williams,RB,TB,CIN,4000,0.550000011920929,2.43,23.5,50.5,3.5,4
133104-137495,Kentrel Bullock,RB,CIN,TB,4000,,7.51,27.0,50.5,-3.5,16
133104-157975,Keleki Latu,TE,BUF,HOU,4000,1.8333333333333333,2.02,23.0,44.5,-1.5,17
133104-129302,Stephen Gosnell,WR,BUF,HOU,4000,,4.11,23.0,44.5,-1.5,26
133104-157973,J. Michael Sturdivant,WR,GB,MIN,4000,,3.27,22.5,46.5,1.5,32
133104-91428,Tarik Black,WR,DET,NO,4000,,5.3,28.25,49.5,-7.0,27
133104-91443,McCallan Castles,TE,GB,MIN,4000,,3.5,22.5,46.5,1.5,30
133104-137525,Malick Meiga,WR,CAR,CHI,4000,,6.32,22.25,47.5,3.0,6
133104-92479,David Martin-Robinson,TE,TEN,NYJ,4000,1.5714285714285714,2.22,20.5,39.5,-1.5,8
133104-166222,Jeremiah Franklin,TE,MIA,LV,4000,,2.75,19.0,41.5,3.5,29
133104-152921,Sam Scott,RB,NYJ,TEN,4000,,3.71,19.0,39.5,1.5,21
133104-185699,Eric Rivers Jr.,WR,TB,CIN,4000,,3.63,23.5,50.5,3.5,31
133104-133478,Arian Smith,WR,NYJ,TEN,4000,0.7692307692307693,1.4,19.0,39.5,1.5,5
133104-93540,British Brooks,RB,HOU,BUF,4000,0.975000023841858,1.63,21.5,44.5,1.5,10
133104-153957,Zaire Mitchell-Paden,TE,HOU,BUF,4000,0.9000000158945719,1.0,21.5,44.5,1.5,32
133104-166253,Sam Roush,TE,CHI,CAR,4000,,5.87,25.25,47.5,-3.0,16
133104-90480,Joel Wilson,TE,TEN,NYJ,4000,,5.64,20.5,39.5,-1.5,8
133104-90483,Bernhard Raimann,TE,IND,BAL,4000,0.0,3.86,22.0,47.5,3.5,26
133104-110977,Thomas Gordon,TE,DET,NO,4000,,5.9,28.25,49.5,-7.0,22
133104-110978,Evan Hull,RB,ARI,LAC,4000,0.9833333492279052,1.0,18.75,47.5,10.0,29
133104-138636,Brandon Hayes,WR,PHI,WAS,4000,,6.65,25.0,44.5,-5.5,9
133104-138649,LaJohntay Wester,WR,BAL,IND,4000,-0.1666666666666666,7.62,25.5,47.5,-3.5,2
133104-174494,Miles Kitselman,TE,DET,NO,4000,,5.9,28.25,49.5,-7.0,22
133104-94625,Jalen Reagor,WR,MIA,LV,4000,1.5999999727521623,1.27,19.0,41.5,3.5,13
133104-133538,Levi Wentz,WR,PIT,ATL,4000,,6.39,23.0,42.5,-3.5,7
133104-151968,Lake McRee,TE,PIT,ATL,4000,,4.23,23.0,42.5,-3.5,25
133104-90533,Jerome Ford,RB,WAS,PHI,4000,2.353846183189979,2.27,19.5,44.5,5.5,12
133104-112037,Casey Washington,WR,CAR,CHI,4000,2.4799999237060546,3.8,22.25,47.5,3.0,6
133104-103844,Nick Nash,WR,WAS,PHI,4000,,3.35,19.5,44.5,5.5,25
133104-80294,Anthony Firkser,TE,DET,NO,4000,1.8600000381469728,2.76,28.25,49.5,-7.0,22
133104-241064,Dohnte Meyers,WR,CIN,TB,4000,,6.07,27.0,50.5,-3.5,18
133104-87469,Jelani Woods,TE,NYJ,TEN,4000,0.449999988079071,1.0,19.0,39.5,1.5,10
133104-92590,Raheem Blackshear,RB,DET,NO,4000,0.5333333333333333,3.0,28.25,49.5,-7.0,19
133104-166322,Philip Florenzo,TE,ATL,PIT,4000,,5.88,19.5,42.5,3.5,4
133104-175539,Vinny Anthony II,WR,ATL,PIT,4000,,5.39,19.5,42.5,3.5,8
133104-40371,Johnny Mundt,TE,PHI,WAS,4000,1.4181818528608845,3.31,25.0,44.5,-5.5,7
133104-133558,Luke Floriea,WR,CLE,JAC,4000,,3.56,16.0,40.5,8.5,16
133104-114109,Ainias Smith,WR,CAR,CHI,4000,2.839999961853027,4.16,22.25,47.5,3.0,6
133104-133564,Marshall Lang,TE,MIN,GB,4000,,4.72,24.0,46.5,-1.5,23
133104-112062,Skyy Moore,WR,GB,MIN,4000,0.7000000211927626,1.0,22.5,46.5,1.5,32
133104-225739,Cody Hardy,TE,NO,DET,4000,,5.23,21.25,49.5,7.0,13
133104-26057,Michael Burton,RB,CLE,JAC,4000,2.209090839732777,1.0,16.0,40.5,8.5,16
133104-152014,JP Richardson,WR,CHI,CAR,4000,,5.15,25.25,47.5,-3.0,22
133104-173518,Qadir Ismail,WR,CHI,CAR,4000,,5.15,25.25,47.5,-3.0,22
133104-177614,Marlin Klein,TE,HOU,BUF,4000,,3.02,21.5,44.5,1.5,32
133104-109007,Josh Kelly,WR,HOU,BUF,4000,,3.5,21.5,44.5,1.5,28
133104-109008,Jalen Moreno-Cropper,WR,NO,DET,4000,0.0,6.43,21.25,49.5,7.0,3
133104-243158,Tyren Montgomery,WR,TEN,NYJ,4000,,4.68,20.5,39.5,-1.5,16
133104-90583,Tyrell Shavers,WR,BUF,HOU,4000,3.627272865988992,2.74,23.0,44.5,-1.5,26
133104-54746,Tyler Ott,TE,WAS,PHI,4000,0.0,2.63,19.5,44.5,5.5,31
133104-155096,Quincy Skinner Jr.,WR,NYJ,TEN,4000,,5.63,19.0,39.5,1.5,5
133104-243161,Ty Pezza,TE,BAL,IND,4000,,6.78,25.5,47.5,-3.5,9
133104-243160,Michael Briscoe,WR,MIN,GB,4000,,5.8,24.0,46.5,-1.5,14
133104-63967,Lucky Jackson,WR,DET,NO,4000,,5.3,28.25,49.5,-7.0,27
133104-80353,Robert Tonyan,TE,PIT,ATL,4000,0.6000000238418579,1.0,23.0,42.5,-3.5,25
133104-157154,Jaden Bradley,WR,WAS,PHI,4000,,3.35,19.5,44.5,5.5,25
133104-185827,Jacob Saylors,RB,DET,NO,4000,0.1100000023841858,2.57,28.25,49.5,-7.0,19
133104-169440,Kaden Wetjen,WR,PIT,ATL,4000,,6.39,23.0,42.5,-3.5,7
133104-102882,Anthony Gould,WR,IND,BAL,4000,0.1600000023841858,1.66,22.0,47.5,3.5,4
133104-71143,Kylen Granson,TE,TEN,NYJ,4000,0.8333333333333334,1.48,20.5,39.5,-1.5,8
133104-188900,Michael Wortham,WR,JAC,CLE,4000,,4.0,24.5,40.5,-8.5,30
133104-102902,Trey Palmer,WR,NO,DET,4000,2.085714340209961,3.52,21.25,49.5,7.0,3
133104-184821,Robert Henry Jr.,RB,WAS,PHI,4000,,4.92,19.5,44.5,5.5,12
133104-152056,Jerand Bradley,TE,LAC,ARI,4000,,8.43,28.75,47.5,-10.0,2
133104-113160,Jakobie Keeney-James,WR,PIT,ATL,4000,2.5,3.89,23.0,42.5,-3.5,7
133104-89613,Simi Fehoko,WR,ARI,LAC,4000,0.0,3.41,18.75,47.5,10.0,23
133104-86543,Erik Ezukanma,WR,PHI,WAS,4000,0.0,6.65,25.0,44.5,-5.5,9
133104-183828,Kevin Coleman Jr.,WR,MIA,LV,4000,,4.67,19.0,41.5,3.5,13
133104-129560,Xavier Restrepo,WR,TEN,NYJ,4000,2.799999952316284,2.48,20.5,39.5,-1.5,16
133104-89627,Brycen Tremayne,WR,CAR,CHI,4000,1.7692307692307692,3.09,22.25,47.5,3.0,6
133104-160287,Amar Johnson,RB,LAC,ARI,4000,0.800000011920929,5.43,28.75,47.5,-10.0,2
133104-73247,Kene Nwangwu,RB,NYJ,TEN,4000,1.0899999618530274,1.0,19.0,39.5,1.5,21
133104-173606,Dillon Bell,WR,MIN,GB,4000,,5.8,24.0,46.5,-1.5,14
133104-156197,Bryson Nesbit,TE,MIN,GB,4000,,4.72,24.0,46.5,-1.5,23
133104-226856,JJ Galbreath,TE,IND,BAL,4000,,3.86,22.0,47.5,3.5,26
133104-208430,Bryce Lance,WR,NO,DET,4000,,6.43,21.25,49.5,7.0,3
133104-201260,Mason Tipton,WR,NO,DET,4000,1.862499952316284,3.29,21.25,49.5,7.0,3
133104-226866,Joaquin Davis,WR,PIT,ATL,4000,,6.39,23.0,42.5,-3.5,7
133104-157232,Jalen Walthall,WR,NYJ,TEN,4000,,5.63,19.0,39.5,1.5,5
133104-238135,Layne Pryor,TE,HOU,BUF,4000,,3.02,21.5,44.5,1.5,32
133104-226875,Ja'seem Reed,WR,CAR,CHI,4000,,6.32,22.25,47.5,3.0,6
133104-225850,J'Mari Taylor,RB,JAC,CLE,4000,,7.49,24.5,40.5,-8.5,11
133104-138808,Chase Curtis,TE,NYJ,TEN,4000,,5.03,19.0,39.5,1.5,10
133104-152128,Dominic Lovett,WR,DET,NO,4000,0.0,5.3,28.25,49.5,-7.0,27
133104-87621,A.T. Perry,WR,PIT,ATL,4000,,6.39,23.0,42.5,-3.5,7
133104-71241,Brandon Johnson,WR,PIT,ATL,4000,1.399999976158142,2.79,23.0,42.5,-3.5,7
133104-104008,Stephen Carlson,TE,CHI,CAR,4000,,5.87,25.25,47.5,-3.0,16
133104-114252,Xavier Weaver,WR,ARI,LAC,4000,1.4571428298950195,1.0,18.75,47.5,10.0,23
133104-104019,Matt Orzech,TE,GB,MIN,4000,0.0,3.5,22.5,46.5,1.5,30
133104-152154,Kaden Prather,WR,GB,MIN,4000,,3.27,22.5,46.5,1.5,32
133104-139870,Sincere Brown,WR,LAC,ARI,4000,,6.39,28.75,47.5,-10.0,19
133104-152159,Bryson Green,WR,ARI,LAC,4000,,3.41,18.75,47.5,10.0,23
133104-176732,Marcus Sanders Jr.,WR,MIN,GB,4000,,5.8,24.0,46.5,-1.5,14
133104-138854,Ke'Shawn Williams,WR,CIN,TB,4000,0.0,6.07,27.0,50.5,-3.5,18
133104-129641,Will Sheppard,WR,MIA,LV,4000,,4.67,19.0,41.5,3.5,13
133104-131694,Luke Lachey,TE,GB,MIN,4000,,3.5,22.5,46.5,1.5,30
133104-206447,Max Hurleman,RB,PIT,ATL,4000,,5.79,23.0,42.5,-3.5,22
133104-95854,Montrell Washington,WR,HOU,BUF,4000,0.0,3.5,21.5,44.5,1.5,28
133104-56947,Chris Myarick,TE,LV,MIA,4000,,6.5,22.5,41.5,-3.5,5
133104-158338,Max Tomczak,WR,BUF,HOU,4000,,4.11,23.0,44.5,-1.5,26
133104-167552,Dae'Quan Wright,TE,CLE,JAC,4000,,3.56,16.0,40.5,8.5,16
133104-135812,Quentin Skinner,WR,BUF,HOU,4000,3.5,2.61,23.0,44.5,-1.5,26
133104-141956,Beau Gardner,TE,CHI,CAR,4000,,5.87,25.25,47.5,-3.0,16
133104-167561,Antwane Wells Jr.,WR,ATL,PIT,4000,,5.39,19.5,42.5,3.5,8
133104-135824,Luke Grimm,WR,LAC,ARI,4000,,6.39,28.75,47.5,-10.0,19
133104-245393,Mante Morrow,WR,LAC,ARI,4000,,6.39,28.75,47.5,-10.0,19
133104-64147,Britain Covey,WR,PHI,WAS,4000,0.4285714285714285,2.08,25.0,44.5,-5.5,9
133104-93845,Tay Martin,WR,DET,NO,4000,1.649999976158142,1.95,28.25,49.5,-7.0,27
133104-152219,Lewis Bond,WR,HOU,BUF,4000,,3.5,21.5,44.5,1.5,28
133104-128681,Caden Prieskorn,TE,CAR,CHI,4000,,4.64,22.25,47.5,3.0,20
133104-94888,Messiah Swinson,TE,CLE,JAC,4000,,3.56,16.0,40.5,8.5,16
133104-152232,Jordan Moore,WR,CIN,TB,4000,,6.07,27.0,50.5,-3.5,18
133104-185010,DT Sheffield,WR,NYJ,TEN,4000,,5.63,19.0,39.5,1.5,5
133104-87731,Dominique Robinson,WR,HOU,BUF,4000,0.0,3.5,21.5,44.5,1.5,28
133104-104117,Joshua Simon,TE,WAS,PHI,4000,,2.63,19.5,44.5,5.5,31
133104-69302,Feleipe Franks,TE,CAR,CHI,4000,0.0800000011920929,1.0,22.25,47.5,3.0,20
133104-158399,Jackson Acker,RB,BUF,HOU,4000,,3.99,23.0,44.5,-1.5,27
133104-185024,Ethan Conner,TE,MIA,LV,4000,,2.75,19.0,41.5,3.5,29
133104-92882,Connor Heyward,TE,LV,MIA,4000,2.158333301544189,3.66,22.5,41.5,-3.5,5
133104-174801,RJ Maryland,TE,GB,MIN,4000,,3.5,22.5,46.5,1.5,30
133104-111325,Ulysses Bentley IV,RB,IND,BAL,4000,0.0,5.18,22.0,47.5,3.5,15
133104-104165,Lew Nichols,RB,PIT,ATL,4000,0.0,5.79,23.0,42.5,-3.5,22
133104-152295,Gregory Desrosiers,RB,LAC,ARI,4000,,9.63,28.75,47.5,-10.0,2
133104-252646,Connor Hulstein,TE,NYJ,TEN,4000,,5.03,19.0,39.5,1.5,10
133104-137966,AJ Henning,WR,MIA,LV,4000,,4.67,19.0,41.5,3.5,13
133104-156400,Roman Hemby,RB,LV,MIA,4000,,7.34,22.5,41.5,-3.5,8
133104-128759,Keelan Marion,WR,ATL,PIT,4000,,5.39,19.5,42.5,3.5,8
133104-56059,Trent Sherfield Sr.,WR,BUF,HOU,4000,0.8999999761581421,1.0,23.0,44.5,-1.5,26
133104-86778,Devin Culp,TE,TB,CIN,4000,3.549999952316284,5.78,23.5,50.5,3.5,1
133104-86780,Salvon Ahmed,RB,CHI,CAR,4000,,8.15,25.25,47.5,-3.0,7
133104-226048,Elijah Tau-Tolliver,RB,BAL,IND,4000,,6.66,25.5,47.5,-3.5,20
133104-137990,Tip Reiman,TE,ARI,LAC,4000,1.099999984105428,1.0,18.75,47.5,10.0,28
133104-169733,Carsen Ryan,TE,CLE,JAC,4000,,3.56,16.0,40.5,8.5,16
133104-136970,Danny Gray,WR,PHI,WAS,4000,0.0,6.65,25.0,44.5,-5.5,9
133104-174856,Hank Beatty,WR,TEN,NYJ,4000,,4.68,20.5,39.5,-1.5,16
133104-152333,Malik McClain,WR,NYJ,TEN,4000,,5.63,19.0,39.5,1.5,5
133104-71444,Travis Homer,RB,PIT,ATL,4000,-0.0400000005960464,5.79,23.0,42.5,-3.5,22
133104-107286,Jha'Quan Jackson,WR,TB,CIN,4000,-0.2666666706403096,3.63,23.5,50.5,3.5,31
133104-152350,Jamal Haynes,RB,CIN,TB,4000,,7.51,27.0,50.5,-3.5,16
133104-170783,Omari Kelly,WR,CHI,CAR,4000,,5.15,25.25,47.5,-3.0,22
133104-167714,Kenny Fletcher Jr.,TE,TB,CIN,4000,,7.23,23.5,50.5,3.5,1
133104-152363,Gavin Bartholomew,TE,MIN,GB,4000,,4.72,24.0,46.5,-1.5,23
133104-158511,Max Bredeson,RB,MIN,GB,4000,,5.8,24.0,46.5,-1.5,14
133104-138028,Kalel Mullings,RB,TEN,NYJ,4000,0.2333333293596903,1.72,20.5,39.5,-1.5,1
133104-103214,Eli Pancol,WR,IND,BAL,4000,,6.5,22.0,47.5,3.5,4
133104-157490,Will Kacmarek,TE,MIA,LV,4000,,2.75,19.0,41.5,3.5,29
133104-138039,Matt Hibner,TE,BAL,IND,4000,,6.78,25.5,47.5,-3.5,9
133104-201526,Ian Wheeler,RB,BUF,HOU,4000,,3.99,23.0,44.5,-1.5,27
133104-137017,Drake Dabney,TE,GB,MIN,4000,0.800000011920929,1.0,22.5,46.5,1.5,30
133104-119615,Roydell Williams,RB,DET,NO,4000,,7.46,28.25,49.5,-7.0,19
133104-158529,Josh Cameron,WR,JAC,CLE,4000,,4.0,24.5,40.5,-8.5,30
133104-185153,Davon Booth,RB,IND,BAL,4000,,5.18,22.0,47.5,3.5,15
133104-159559,Roc Taylor,WR,CAR,CHI,4000,,6.32,22.25,47.5,3.0,6
133104-69451,Jack Stoll,TE,CLE,JAC,4000,1.7000000476837158,1.0,16.0,40.5,8.5,16
133104-41806,Laquon Treadwell,WR,IND,BAL,4000,0.0,6.5,22.0,47.5,3.5,4
133104-154445,Sahmir Hagans,WR,IND,BAL,4000,,6.5,22.0,47.5,3.5,4
133104-91989,Jordan Mims,RB,PHI,WAS,4000,2.8714286259242465,6.44,25.0,44.5,-5.5,3
133104-103252,Bam Knight,RB,ARI,LAC,4000,6.825000127156575,3.71,18.75,47.5,10.0,29
133104-178011,Xavier Guillory,WR,BAL,IND,4000,,7.62,25.5,47.5,-3.5,2
133104-119642,Ja'Mori Maclin,WR,BUF,HOU,4000,,4.11,23.0,44.5,-1.5,26
133104-158553,Jaden Nixon,RB,GB,MIN,4000,,4.11,22.5,46.5,1.5,25
133104-201564,Cam Grandy,TE,MIN,GB,4000,0.8500000238418579,1.0,24.0,46.5,-1.5,23
133104-137058,Trebor Pena,WR,JAC,CLE,4000,,4.0,24.5,40.5,-8.5,30
133104-93026,Teagan Quitoriano,TE,ARI,LAC,4000,0.0,2.81,18.75,47.5,10.0,28
133104-192359,JaQuae Jackson,WR,LAC,ARI,4000,,6.39,28.75,47.5,-10.0,19
133104-139114,Jabari Small,RB,DET,NO,4000,,7.46,28.25,49.5,-7.0,19
133104-156523,Carson Steele,RB,PHI,WAS,4000,1.569230739886944,5.14,25.0,44.5,-5.5,3
133104-120684,Garrett Greene,WR,TB,CIN,4000,,3.63,23.5,50.5,3.5,31
133104-166764,Cam Camper,WR,NYJ,TEN,4000,,5.63,19.0,39.5,1.5,5
133104-166774,Aaron Anderson,WR,CLE,JAC,4000,,3.56,16.0,40.5,8.5,16
133104-119672,Kendall Milton,RB,CIN,TB,4000,0.2000000029802322,2.71,27.0,50.5,-3.5,16
133104-114557,Cornelius Johnson,WR,BAL,IND,4000,,7.62,25.5,47.5,-3.5,2
133104-185215,Kadarius Calloway,RB,TB,CIN,4000,,6.88,23.5,50.5,3.5,4
133104-94087,DeeJay Dallas,RB,MIN,GB,4000,0.4199999809265137,1.22,24.0,46.5,-1.5,14
133104-103302,Courtney Jackson,WR,TEN,NYJ,4000,,4.68,20.5,39.5,-1.5,16
133104-157579,Rocco Underwood,TE,PHI,WAS,4000,,6.89,25.0,44.5,-5.5,7
133104-23435,Andrew DePaola,TE,MIN,GB,4000,,4.72,24.0,46.5,-1.5,23
133104-94094,Brevin Jordan,TE,HOU,BUF,4000,0.8500000238418579,1.0,21.5,44.5,1.5,32
133104-158610,Drew Biber,TE,CLE,JAC,4000,,3.56,16.0,40.5,8.5,16
133104-64405,Dan Chisena,WR,CAR,CHI,4000,1.2999999523162842,2.62,22.25,47.5,3.0,6
133104-92056,Cal Adomitis,TE,GB,MIN,4000,0.0,3.5,22.5,46.5,1.5,30
133104-128920,Noah Whittington,RB,HOU,BUF,4000,,5.66,21.5,44.5,1.5,10
133104-176025,Noah Thomas,WR,CIN,TB,4000,,6.07,27.0,50.5,-3.5,18
133104-114591,William Wagner,TE,CIN,TB,4000,,7.87,27.0,50.5,-3.5,3
133104-159649,DJ Herman,RB,MIA,LV,4000,,4.67,19.0,41.5,3.5,13
133104-184229,Kole Wilson,WR,CLE,JAC,4000,,3.56,16.0,40.5,8.5,16
133104-155563,Johnny Pascuzzi,TE,LAC,ARI,4000,,8.43,28.75,47.5,-10.0,2
133104-157609,Gage Larvadain,WR,CLE,JAC,4000,0.7416666348775228,1.0,16.0,40.5,8.5,16
133104-167849,Zach Horton,TE,DET,NO,4000,,5.9,28.25,49.5,-7.0,22
133104-93107,AJ Dillon,RB,CAR,CHI,4000,1.2666666507720947,1.15,22.25,47.5,3.0,18
133104-187313,Dontae McMillan,RB,BAL,IND,4000,,6.66,25.5,47.5,-3.5,20
133104-138164,Patrick Gurd,TE,LV,MIA,4000,,6.5,22.5,41.5,-3.5,5
133104-138169,Jaheim Bell,TE,PIT,ATL,4000,0.75,1.0,23.0,42.5,-3.5,25
133104-104388,Tom Kennedy,WR,DET,NO,4000,0.9333333174387614,1.24,28.25,49.5,-7.0,27
133104-95184,Xavier Johnson,WR,CIN,TB,4000,,6.07,27.0,50.5,-3.5,18
133104-169937,Lance McCutcheon,WR,TEN,NYJ,4000,,4.68,20.5,39.5,-1.5,16
133104-136151,Devin Lafayette,WR,LV,MIA,4000,,5.3,22.5,41.5,-3.5,15
133104-73687,Quez Watkins,WR,PHI,WAS,4000,,6.65,25.0,44.5,-5.5,9
133104-72665,Kenny Yeboah,TE,ARI,LAC,4000,2.199999968210856,1.0,18.75,47.5,10.0,28
133104-136155,Trayvon Rudolph,WR,MIN,GB,4000,,5.8,24.0,46.5,-1.5,14
133104-231386,Terrill Davis,WR,MIN,GB,4000,,5.8,24.0,46.5,-1.5,14
133104-91098,Lawrence Keys III,WR,DET,NO,4000,,5.3,28.25,49.5,-7.0,27
133104-129001,E.J. Williams Jr.,WR,LV,MIA,4000,,5.3,22.5,41.5,-3.5,15
133104-158697,Chase Roberts,WR,LV,MIA,4000,,5.3,22.5,41.5,-3.5,15
133104-155631,Liam Clifford,WR,LAC,ARI,4000,,6.39,28.75,47.5,-10.0,19
133104-71662,DJ Turner,WR,HOU,BUF,4000,3.258333206176758,1.75,21.5,44.5,1.5,28
133104-152574,Donovan Edwards,RB,MIA,LV,4000,,4.67,19.0,41.5,3.5,13
133104-96254,Nick Muse,TE,ATL,PIT,4000,0.0,5.88,19.5,42.5,3.5,4
133104-12551,Tampa Bay Buccaneers,D,TB,CIN,3900,5.823529411764706,3.0,23.5,50.5,3.5,16
133104-12537,Las Vegas Raiders,D,LV,MIA,3800,4.470588235294118,7.89,22.5,41.5,-3.5,16
133104-12525,Atlanta Falcons,D,ATL,PIT,3700,7.352941176470588,3.04,19.5,42.5,3.5,16
133104-12528,Cincinnati Bengals,D,CIN,TB,3600,4.764705882352941,6.21,27.0,50.5,-3.5,16
133104-12529,Cleveland Browns,D,CLE,JAC,3500,7.882352941176471,3.0,16.0,40.5,8.5,16
133104-12544,New York Jets,D,NYJ,TEN,3400,2.764705882352941,3.0,19.0,39.5,1.5,16
133104-12553,Carolina Panthers,D,CAR,CHI,3300,5.944444444444445,3.0,22.25,47.5,3.0,16
133104-12534,Tennessee Titans,D,TEN,NYJ,3200,5.117647058823529,7.75,20.5,39.5,-1.5,16
133104-12535,Indianapolis Colts,D,IND,BAL,3200,5.823529411764706,3.0,22.0,47.5,3.5,16
133104-12542,New Orleans Saints,D,NO,DET,3100,7.0,3.0,21.25,49.5,7.0,16
133104-12552,Washington Commanders,D,WAS,PHI,3100,4.470588235294118,3.0,19.5,44.5,5.5,16
133104-12539,Miami Dolphins,D,MIA,LV,3000,5.823529411764706,3.0,19.0,41.5,3.5,16
133104-12546,Arizona Cardinals,D,ARI,LAC,3000,4.529411764705882,3.0,18.75,47.5,10.0,16
