Id,Position,First Name,Nickname,Last Name,FPPG,Played,Salary,MVP 1.5x Salary,Game,Team,Opponent,Injury Indicator,Injury Details,Tier,Roster Position
134800-1001,QB,Aaron,Aaron Rodgers,Rodgers,19.4,3,11500,17250,PIT@CLE,PIT,CLE,,,,MVP - 1.5X Points/AnyFLEX
134800-1002,RB,Jaylen,Jaylen Warren,Warren,22.1,3,11000,16500,PIT@CLE,PIT,CLE,,,,MVP - 1.5X Points/AnyFLEX
134800-1003,WR,DK,DK Metcalf,Metcalf,14.5,3,10500,15750,PIT@CLE,PIT,CLE,,,,MVP - 1.5X Points/AnyFLEX
134800-1004,WR,Michael,Michael Pittman Jr.,Pittman Jr.,12.0,3,9500,14250,PIT@CLE,PIT,CLE,,,,MVP - 1.5X Points/AnyFLEX
134800-1005,D,Pittsburgh,Pittsburgh Steelers,Steelers,8.5,3,6500,9750,PIT@CLE,PIT,CLE,,,,MVP - 1.5X Points/AnyFLEX
134800-1006,K,Chris,Chris Boswell,Boswell,8.8,3,6400,9600,PIT@CLE,PIT,CLE,,,,MVP - 1.5X Points/AnyFLEX
134800-1007,WR,Roman,Roman Wilson,Wilson,8.2,3,6200,9300,PIT@CLE,PIT,CLE,,,,MVP - 1.5X Points/AnyFLEX
134800-1008,TE,Darnell,Darnell Washington,Washington,6.5,3,5500,8250,PIT@CLE,PIT,CLE,,,,MVP - 1.5X Points/AnyFLEX
134800-1009,WR,Calvin,Calvin Austin III,Austin III,5.0,3,4800,7200,PIT@CLE,PIT,CLE,,,,MVP - 1.5X Points/AnyFLEX
134800-1010,RB,Kenneth,Kenny Gainwell,Gainwell,5.2,3,4500,6750,PIT@CLE,PIT,CLE,,,,MVP - 1.5X Points/AnyFLEX
134800-1011,TE,Pat,Pat Freiermuth,Freiermuth,5.0,3,4000,6000,PIT@CLE,PIT,CLE,,,,MVP - 1.5X Points/AnyFLEX
134800-2001,QB,Deshaun,Deshaun Watson,Watson,16.5,3,11200,16800,PIT@CLE,CLE,PIT,,,,MVP - 1.5X Points/AnyFLEX
134800-2002,RB,Quinshon,Quinshon Judkins,Judkins,16.5,3,10800,16200,PIT@CLE,CLE,PIT,,,,MVP - 1.5X Points/AnyFLEX
134800-2003,WR,Denzel,Denzel Boston,Boston,11.5,3,9200,13800,PIT@CLE,CLE,PIT,,,,MVP - 1.5X Points/AnyFLEX
134800-2004,WR,Jerry,Jerry Jeudy,Jeudy,10.2,3,8800,13200,PIT@CLE,CLE,PIT,,,,MVP - 1.5X Points/AnyFLEX
134800-2005,WR,KC,KC Concepcion,Concepcion,9.5,3,7400,11100,PIT@CLE,CLE,PIT,,,,MVP - 1.5X Points/AnyFLEX
134800-2006,D,Cleveland,Cleveland Browns,Browns,9.0,3,6600,9900,PIT@CLE,CLE,PIT,,,,MVP - 1.5X Points/AnyFLEX
134800-2007,K,Dustin,Dustin Hopkins,Hopkins,8.2,3,6200,9300,PIT@CLE,CLE,PIT,,,,MVP - 1.5X Points/AnyFLEX
134800-2008,TE,Harold,Harold Fannin Jr.,Fannin Jr.,7.5,3,6000,9000,PIT@CLE,CLE,PIT,,,,MVP - 1.5X Points/AnyFLEX
134800-2009,RB,Jerome,Jerome Ford,Ford,6.0,3,5200,7800,PIT@CLE,CLE,PIT,,,,MVP - 1.5X Points/AnyFLEX
134800-2010,WR,Cedric,Cedric Tillman,Tillman,4.8,3,4600,6900,PIT@CLE,CLE,PIT,,,,MVP - 1.5X Points/AnyFLEX
134800-2011,WR,Jamari,Jamari Thrash,Thrash,3.5,3,3600,5400,PIT@CLE,CLE,PIT,,,,MVP - 1.5X Points/AnyFLEX
