Id,Position,First Name,Nickname,Last Name,FPPG,Played,Salary,MVP 1.5x Salary,Game,Team,Opponent,Injury Indicator,Injury Details,Tier,,,Roster Position
134046-55050,RB,Christian,Christian McCaffrey,McCaffrey,21.784210205078125,19,13000,19500,SF@LAR,SF,LAR,,,,,,MVP - 1.5X Points/AnyFLEX
134046-103020,WR,Puka,Puka Nacua,Nacua,21.05789505807977,19,12400,18600,SF@LAR,LAR,SF,,,,,,MVP - 1.5X Points/AnyFLEX
134046-6654,QB,Matthew,Matthew Stafford,Stafford,21.916000366210938,20,11400,17100,SF@LAR,LAR,SF,,,,,,MVP - 1.5X Points/AnyFLEX
134046-85607,QB,Brock,Brock Purdy,Purdy,19.869090687144887,11,10600,15900,SF@LAR,SF,LAR,,,,,,MVP - 1.5X Points/AnyFLEX
134046-104433,RB,Kyren,Kyren Williams,Williams,15.080000305175782,20,10200,15300,SF@LAR,LAR,SF,,,,,,MVP - 1.5X Points/AnyFLEX
134046-32384,WR,Mike,Mike Evans,Evans,9.100000381469727,8,9400,14100,SF@LAR,SF,LAR,,,,,,MVP - 1.5X Points/AnyFLEX
134046-45889,WR,Davante,Davante Adams,Adams,13.288234935087317,17,9000,13500,SF@LAR,LAR,SF,,,,,,MVP - 1.5X Points/AnyFLEX
134046-56018,WR,Deebo,Deebo Samuel Sr.,Samuel Sr.,9.512499809265137,16,8600,12900,SF@LAR,SF,LAR,,,,,,MVP - 1.5X Points/AnyFLEX
134046-39793,TE,George,George Kittle,Kittle,11.425000508626303,12,8200,12300,SF@LAR,SF,LAR,,,,,,MVP - 1.5X Points/AnyFLEX
134046-91583,QB,Stetson,Stetson Bennett IV,Bennett IV,,0,8000,12000,SF@LAR,LAR,SF,,,,,,MVP - 1.5X Points/AnyFLEX
134046-90584,QB,Mac,Mac Jones,Jones,12.158332824707031,12,8000,12000,SF@LAR,SF,LAR,,,,,,MVP - 1.5X Points/AnyFLEX
134046-137967,RB,Blake,Blake Corum,Corum,6.965000152587891,20,7600,11400,SF@LAR,LAR,SF,,,,,,MVP - 1.5X Points/AnyFLEX
134046-152272,WR,De'Zhaun,De'Zhaun Stribling,Stribling,,0,7200,10800,SF@LAR,SF,LAR,,,,,,MVP - 1.5X Points/AnyFLEX
134046-12538,D,Los Angeles,Los Angeles Rams,Rams,7.75,20,7000,10500,SF@LAR,LAR,SF,,,,,,MVP - 1.5X Points/AnyFLEX
134046-69307,K,Eddy,Eddy Pineiro,Pineiro,9.625,16,6800,10200,SF@LAR,SF,LAR,,,,,,MVP - 1.5X Points/AnyFLEX
134046-12549,D,San Francisco,San Francisco 49ers,49ers,4.157894736842105,19,6600,9900,SF@LAR,SF,LAR,,,,,,MVP - 1.5X Points/AnyFLEX
134046-119643,K,Harrison,Harrison Mevis,Mevis,9.583333333333334,12,6400,9600,SF@LAR,LAR,SF,,,,,,MVP - 1.5X Points/AnyFLEX
134046-89588,TE,Colby,Colby Parkinson,Parkinson,7.852941176470588,17,5800,8700,SF@LAR,LAR,SF,,,,,,MVP - 1.5X Points/AnyFLEX
134046-38264,WR,Demarcus,Demarcus Robinson,Robinson,4.431250095367432,16,5400,8100,SF@LAR,SF,LAR,,,,,,MVP - 1.5X Points/AnyFLEX
134046-167881,RB,Kaelon,Kaelon Black,Black,,0,4800,7200,SF@LAR,SF,LAR,,,,,,MVP - 1.5X Points/AnyFLEX
134046-91467,TE,Jake,Jake Tonges,Tonges,7.049999872843425,12,4400,6600,SF@LAR,SF,LAR,,,,,,MVP - 1.5X Points/AnyFLEX
134046-47870,TE,Tyler,Tyler Higbee,Higbee,5.75,12,3800,5700,SF@LAR,LAR,SF,,,,,,MVP - 1.5X Points/AnyFLEX
134046-103195,WR,Jordan,Jordan Whittington,Whittington,1.8705881904153263,17,3400,5100,SF@LAR,LAR,SF,,,,,,MVP - 1.5X Points/AnyFLEX
134046-154000,WR,Konata,Konata Mumpfield,Mumpfield,1.8384615091177134,13,3000,4500,SF@LAR,LAR,SF,,,,,,MVP - 1.5X Points/AnyFLEX
134046-134014,WR,Jordan,Jordan Watkins,Watkins,1.7999999523162842,2,2800,4200,SF@LAR,SF,LAR,,,,,,MVP - 1.5X Points/AnyFLEX
134046-151915,TE,Terrance,Terrance Ferguson,Ferguson,3.769230769230769,13,2600,3900,SF@LAR,LAR,SF,,,,,,MVP - 1.5X Points/AnyFLEX
134046-64634,WR,Alex,Alex Bachman,Bachman,0.20000000433488327,11,2400,3600,SF@LAR,LAR,SF,,,,,,MVP - 1.5X Points/AnyFLEX
134046-39428,RB,Kyle,Kyle Juszczyk,Juszczyk,2.9555555979410806,18,2200,3300,SF@LAR,SF,LAR,,,,,,MVP - 1.5X Points/AnyFLEX
134046-73176,TE,Luke,Luke Farrell,Farrell,1.7571428843906947,14,2000,3000,SF@LAR,SF,LAR,,,,,,MVP - 1.5X Points/AnyFLEX
134046-91971,RB,Ronnie,Ronnie Rivers,Rivers,0.5111111005147299,9,1800,2700,SF@LAR,LAR,SF,,,,,,MVP - 1.5X Points/AnyFLEX
134046-92976,WR,Tutu,Tutu Atwell,Atwell,3.5250000953674316,8,1600,2400,SF@LAR,LAR,SF,,,,,,MVP - 1.5X Points/AnyFLEX
134046-113096,WR,Xavier,Xavier Smith,Smith,2.072222179836697,18,1400,2100,SF@LAR,LAR,SF,,,,,,MVP - 1.5X Points/AnyFLEX
134046-102831,TE,Davis,Davis Allen,Allen,3.3866666158040366,15,1200,1800,SF@LAR,LAR,SF,,,,,,MVP - 1.5X Points/AnyFLEX
134046-136172,WR,CJ,CJ Daniels,Daniels,,0,1200,1800,SF@LAR,LAR,SF,,,,,,MVP - 1.5X Points/AnyFLEX
134046-102796,WR,Ricky,Ricky Pearsall,Pearsall,7.659999847412109,10,1000,1500,SF@LAR,SF,LAR,IR,Knee - pcl,,,,MVP - 1.5X Points/AnyFLEX
134046-175504,TE,Max,Max Klare,Klare,,0,1000,1500,SF@LAR,LAR,SF,,,,,,MVP - 1.5X Points/AnyFLEX
134046-168217,RB,Dean,Dean Connors,Connors,,0,1000,1500,SF@LAR,LAR,SF,,,,,,MVP - 1.5X Points/AnyFLEX
134046-160669,QB,Matthew,Matthew Caldwell,Caldwell,,0,1000,1500,SF@LAR,LAR,SF,IR,Undisclosed,,,,MVP - 1.5X Points/AnyFLEX
134046-137889,WR,Brennan,Brennan Presley,Presley,,0,1000,1500,SF@LAR,LAR,SF,,,,,,MVP - 1.5X Points/AnyFLEX
134046-175021,RB,Jordan,Jordan James,James,4,1,1000,1500,SF@LAR,SF,LAR,,,,,,MVP - 1.5X Points/AnyFLEX
134046-152756,WR,Will,Will Pauling,Pauling,,0,1000,1500,SF@LAR,SF,LAR,,,,,,MVP - 1.5X Points/AnyFLEX
134046-60858,WR,Christian,Christian Kirk,Kirk,6.1769233116736775,13,1000,1500,SF@LAR,SF,LAR,IR,Calf,,,,MVP - 1.5X Points/AnyFLEX
134046-85306,WR,KhaDarel,KhaDarel Hodge,Hodge,0.9199999809265137,5,1000,1500,SF@LAR,SF,LAR,,,,,,MVP - 1.5X Points/AnyFLEX
134046-171212,WR,Wesley,Wesley Grimes,Grimes,,0,1000,1500,SF@LAR,SF,LAR,,,,,,MVP - 1.5X Points/AnyFLEX
134046-114530,WR,Jacob,Jacob Cowing,Cowing,,0,1000,1500,SF@LAR,SF,LAR,,,,,,MVP - 1.5X Points/AnyFLEX
134046-110954,RB,Jordan,Jordan Waters,Waters,,0,1000,1500,SF@LAR,LAR,SF,,,,,,MVP - 1.5X Points/AnyFLEX
134046-137965,TE,Dan,Dan Villari,Villari,,0,1000,1500,SF@LAR,LAR,SF,,,,,,MVP - 1.5X Points/AnyFLEX
134046-155629,TE,Khalil,Khalil Dinkins,Dinkins,,0,1000,1500,SF@LAR,SF,LAR,,,,,,MVP - 1.5X Points/AnyFLEX
134046-104306,QB,Kurtis,Kurtis Rourke,Rourke,,0,1000,1500,SF@LAR,SF,LAR,,,,,,MVP - 1.5X Points/AnyFLEX
134046-104054,RB,Sincere,Sincere McCormick,McCormick,,0,1000,1500,SF@LAR,SF,LAR,,,,,,MVP - 1.5X Points/AnyFLEX
134046-166781,QB,Ty,Ty Simpson,Simpson,,0,1000,1500,SF@LAR,LAR,SF,,,,,,MVP - 1.5X Points/AnyFLEX