Id,Position,First Name,Nickname,Last Name,FPPG,Played,Salary,Game,Team,Opponent,Injury Indicator,Injury Details,Tier,,,Roster Position
133646-129368,RB,Jahmyr,Jahmyr Gibbs,Gibbs,20.023529052734375,17,9100,NO@DET,DET,NO,,,,,,RB/FLEX
133646-85701,WR,Ja'Marr,Ja'Marr Chase,Chase,17.006250381469727,16,8900,TB@CIN,CIN,TB,Q,Knee,,,,WR/FLEX
133646-62239,QB,Josh,Josh Allen,Allen,24.32000054253472,18,8900,BUF@HOU,BUF,HOU,,,,,,QB
133646-136855,RB,Bijan,Bijan Robinson,Robinson,20.723528693704043,17,8800,ATL@PIT,ATL,PIT,,,,,,RB/FLEX
133646-89675,RB,Jonathan,Jonathan Taylor,Taylor,20.841175752527572,17,8600,BAL@IND,IND,BAL,,,,,,RB/FLEX
133646-86997,WR,Amon-Ra,Amon-Ra St. Brown,St. Brown,16.5,17,8600,NO@DET,DET,NO,,,,,,WR/FLEX
133646-63115,QB,Lamar,Lamar Jackson,Jackson,17.066153893103966,13,8400,BAL@IND,BAL,IND,,,,,,QB
133646-39280,RB,Derrick,Derrick Henry,Henry,17.41176470588235,17,8300,BAL@IND,BAL,IND,,,,,,RB/FLEX
133646-63336,QB,Joe,Joe Burrow,Burrow,18.1825008392334,8,8200,TB@CIN,CIN,TB,,,,,,QB
133646-152113,QB,Caleb,Caleb Williams,Williams,19.67894704718339,19,8000,CHI@CAR,CHI,CAR,,,,,,QB
133646-152664,RB,Bucky,Bucky Irving,Irving,12.65,10,7900,TB@CIN,TB,CIN,,,,,,RB/FLEX
133646-112745,WR,Drake,Drake London,London,15.241666158040365,12,7900,ATL@PIT,ATL,PIT,,,,,,WR/FLEX
133646-91626,RB,James,James Cook III,Cook III,17.62631546823602,19,7800,BUF@HOU,BUF,HOU,,,,,,RB/FLEX
133646-38435,QB,Jared,Jared Goff,Goff,19.003529268152572,17,7800,NO@DET,DET,NO,,,,,,QB
133646-91419,WR,Nico,Nico Collins,Collins,12.706250190734863,16,7700,BUF@HOU,HOU,BUF,,,,,,WR/FLEX
133646-89951,QB,Trevor,Trevor Lawrence,Lawrence,20.808888753255207,18,7700,CLE@JAC,JAC,CLE,,,,,,QB
133646-89493,RB,Chase,Chase Brown,Brown,15.123529770795036,17,7500,TB@CIN,CIN,TB,,,,,,RB/FLEX
133646-41535,QB,Baker,Baker Mayfield,Mayfield,16.995294907513788,17,7500,TB@CIN,TB,CIN,,,,,,QB
133646-87770,WR,Chris,Chris Olave,Olave,14.25,16,7400,NO@DET,NO,DET,,,,,,WR/FLEX
133646-63519,QB,Daniel,Daniel Jones,Jones,18.495384803185097,13,7300,BAL@IND,IND,BAL,,,,,,QB
133646-112295,WR,Zay,Zay Flowers,Flowers,12.311764885397519,17,7300,BAL@IND,BAL,IND,Q,Lower body,,,,WR/FLEX
133646-89981,WR,Tee,Tee Higgins,Higgins,12.340000406901042,15,7200,TB@CIN,CIN,TB,Q,Heel,,,,WR/FLEX
133646-111631,WR,Jameson,Jameson Williams,Williams,11.72941140567555,17,7100,NO@DET,DET,NO,,,,,,WR/FLEX
133646-6894,QB,Aaron,Aaron Rodgers,Rodgers,13.907058715820312,17,7100,ATL@PIT,PIT,ATL,,,,,,QB
133646-73048,WR,DK,DK Metcalf,Metcalf,10.556249618530273,16,7000,ATL@PIT,PIT,ATL,Q,Undisclosed,,,,WR/FLEX
133646-103564,WR,Garrett,Garrett Wilson,Wilson,11.642857142857142,7,6900,NYJ@TEN,NYJ,TEN,,,,,,WR/FLEX
133646-88431,QB,Tyler,Tyler Shough,Shough,15.450909701260654,11,6900,NO@DET,NO,DET,,,,,,QB
133646-103064,RB,Breece,Breece Hall,Hall,12.603750228881836,16,6900,NYJ@TEN,NYJ,TEN,Q,Groin,,,,RB/FLEX
133646-129471,QB,C.J.,C.J. Stroud,Stroud,14.882499694824219,16,6800,BUF@HOU,HOU,BUF,,,,,,QB
133646-167620,WR,Tetairoa,Tetairoa McMillan,McMillan,10.722222222222221,18,6800,CHI@CAR,CAR,CHI,,,,,,WR/FLEX
133646-119606,QB,Bryce,Bryce Young,Young,15.117647058823529,17,6800,CHI@CAR,CAR,CHI,,,,,,QB
133646-89956,RB,Travis,Travis Etienne Jr.,Etienne Jr.,14.555555555555555,18,6800,NO@DET,NO,DET,,,,,,RB/FLEX
133646-120033,WR,Rome,Rome Odunze,Odunze,10.064285278320312,14,6700,CHI@CAR,CHI,CAR,Q,Leg,,,,WR/FLEX
133646-160620,RB,Bhayshul,Bhayshul Tuten,Tuten,5.543749809265137,16,6700,CLE@JAC,JAC,CLE,Q,Illness,,,,RB/FLEX
133646-26483,QB,Geno,Geno Smith,Smith,12.926666259765625,15,6700,NYJ@TEN,NYJ,TEN,,,,,,QB
133646-137516,WR,Parker,Parker Washington,Washington,10.888235653147978,17,6600,CLE@JAC,JAC,CLE,,,,,,WR/FLEX
133646-168356,QB,Cam,Cam Ward,Ward,11.39176492130055,17,6600,NYJ@TEN,TEN,NYJ,,,,,,QB
133646-90572,QB,Tua,Tua Tagovailoa,Tagovailoa,12.764285496303014,14,6600,ATL@PIT,ATL,PIT,,,,,,QB
133646-91598,RB,D'Andre,D'Andre Swift,Swift,13.577777438693577,18,6600,CHI@CAR,CHI,CAR,Q,Abdomen,,,,RB/FLEX
133646-88797,QB,Michael,Michael Penix Jr.,Penix Jr.,14.03111097547743,9,6600,ATL@PIT,ATL,PIT,O,Knee - acl,,,,QB
133646-112057,RB,Jaylen,Jaylen Warren,Warren,12.252941355985755,17,6500,ATL@PIT,PIT,ATL,,,,,,RB/FLEX
133646-63043,WR,DJ,DJ Moore,Moore,9.188421149002878,19,6500,BUF@HOU,BUF,HOU,,,,,,WR/FLEX
133646-54879,QB,Deshaun,Deshaun Watson,Watson,11.388571602957589,7,6500,CLE@JAC,CLE,JAC,,,,,,QB
133646-184183,QB,Shedeur,Shedeur Sanders,Sanders,12.237500190734863,8,6500,CLE@JAC,CLE,JAC,,,,,,QB
133646-152655,WR,Emeka,Emeka Egbuka,Egbuka,10.188235114602481,17,6400,TB@CIN,TB,CIN,Q,Toe,,,,WR/FLEX
133646-103698,QB,Dillon,Dillon Gabriel,Gabriel,7.208000183105469,10,6400,CLE@JAC,CLE,JAC,IR,Back,,,,QB
133646-169410,RB,Quinshon,Quinshon Judkins,Judkins,11.414285932268415,14,6400,CLE@JAC,CLE,JAC,,,,,,RB/FLEX
133646-55635,WR,Chris,Chris Godwin Jr.,Godwin Jr.,7.722222222222222,9,6300,TB@CIN,TB,CIN,,,,,,WR/FLEX
133646-73273,RB,David,David Montgomery,Montgomery,9.289411656996784,17,6300,BUF@HOU,HOU,BUF,,,,,,RB/FLEX
133646-44715,QB,Cooper,Cooper Rush,Rush,1.4299999475479126,4,6300,ATL@PIT,ATL,PIT,,,,,,QB
133646-166092,WR,Luther,Luther Burden III,Burden III,7.035294027889476,17,6200,CHI@CAR,CHI,CAR,Q,Groin,,,,WR/FLEX
133646-138774,RB,Woody,Woody Marks,Marks,8.994444105360243,18,6200,BUF@HOU,HOU,BUF,,,,,,RB/FLEX
133646-151745,WR,Brian,Brian Thomas Jr.,Thomas Jr.,8.260000101725261,15,6100,CLE@JAC,JAC,CLE,,,,,,WR/FLEX
133646-72297,RB,Rico,Rico Dowdle,Dowdle,11.544444613986546,18,6100,ATL@PIT,PIT,ATL,,,,,,RB/FLEX
133646-243753,QB,Jack,Jack Strand,Strand,,0,6000,ATL@PIT,ATL,PIT,,,,,,QB
133646-169087,QB,Austin,Austin Reed,Reed,,0,6000,BAL@IND,BAL,IND,,,,,,QB
133646-103591,QB,Graham,Graham Mertz,Mertz,,0,6000,BUF@HOU,HOU,BUF,IR,Knee - acl,,,,QB
133646-86200,QB,Sean,Sean Clifford,Clifford,,0,6000,TB@CIN,CIN,TB,,,,,,QB
133646-69833,QB,Shane,Shane Buechele,Buechele,3.9200000762939453,1,6000,BUF@HOU,BUF,HOU,,,,,,QB
133646-86243,QB,Will,Will Levis,Levis,10.995000203450521,12,6000,NYJ@TEN,TEN,NYJ,,,,,,QB
133646-152820,QB,Taylen,Taylen Green,Green,,0,6000,CLE@JAC,CLE,JAC,,,,,,QB
133646-63759,RB,Tony,Tony Pollard,Pollard,10.488235473632812,17,6000,NYJ@TEN,TEN,NYJ,,,,,,RB/FLEX
133646-129315,QB,Anthony,Anthony Richardson Sr.,Richardson Sr.,0.8299999833106995,2,6000,BAL@IND,IND,BAL,,,,,,QB
133646-90406,QB,Zach,Zach Wilson,Wilson,0.3449999988079071,4,6000,NO@DET,NO,DET,,,,,,QB
133646-120105,QB,Will,Will Howard,Howard,,0,6000,ATL@PIT,PIT,ATL,,,,,,QB
133646-86312,WR,Alec,Alec Pierce,Pierce,11.053333536783855,15,6000,BAL@IND,IND,BAL,,,,,,WR/FLEX
133646-151938,QB,Luke,Luke Altmyer,Altmyer,,0,6000,NO@DET,DET,NO,,,,,,QB
133646-103824,QB,Easton,Easton Stick,Stick,,0,6000,TB@CIN,TB,CIN,,,,,,QB
133646-70051,QB,Tyler,Tyler Huntley,Huntley,8.027999877929688,5,6000,BAL@IND,BAL,IND,,,,,,QB
133646-151969,QB,Miller,Miller Moss,Moss,,0,6000,CHI@CAR,CHI,CAR,,,,,,QB
133646-60840,QB,Jake,Jake Browning,Browning,11.34800033569336,5,6000,TB@CIN,TB,CIN,,,,,,QB
133646-166314,QB,Cade,Cade Klubnik,Klubnik,,0,6000,NYJ@TEN,NYJ,TEN,,,,,,QB
133646-110000,QB,Connor,Connor Bazelak,Bazelak,,0,6000,TB@CIN,TB,CIN,,,,,,QB
133646-185776,QB,Tyson,Tyson Bagent,Bagent,1.2899999618530273,2,6000,CHI@CAR,CHI,CAR,,,,,,QB
133646-22994,QB,Case,Case Keenum,Keenum,,0,6000,CHI@CAR,CHI,CAR,,,,,,QB
133646-40407,QB,Joshua,Joshua Dobbs,Dobbs,0.5249999761581421,4,6000,NO@DET,DET,NO,,,,,,QB
133646-53729,QB,Mason,Mason Rudolph,Rudolph,2.8466666539510093,6,6000,ATL@PIT,PIT,ATL,,,,,,QB
133646-134655,QB,Hunter,Hunter Dekkers,Dekkers,,0,6000,NO@DET,NO,DET,,,,,,QB
133646-89628,QB,Davis,Davis Mills,Mills,11.59999974568685,6,6000,BUF@HOU,HOU,BUF,,,,,,QB
133646-6714,QB,Joe,Joe Flacco,Flacco,12.512307974008413,13,6000,TB@CIN,CIN,TB,,,,,,QB
133646-41562,QB,Nick,Nick Mullens,Mullens,-0.009999999776482582,4,6000,CLE@JAC,JAC,CLE,,,,,,QB
133646-135811,QB,Jalon,Jalon Daniels,Daniels,,0,6000,TB@CIN,TB,CIN,,,,,,QB
133646-187015,QB,Joey,Joey Aguilar,Aguilar,,0,6000,CLE@JAC,JAC,CLE,,,,,,QB
133646-184983,QB,Joe,Joe Fagnano,Fagnano,,0,6000,BAL@IND,BAL,IND,,,,,,QB
133646-69294,QB,Skylar,Skylar Thompson,Thompson,2.626666704813639,3,6000,BAL@IND,BAL,IND,IR,Undisclosed,,,,QB
133646-69304,QB,Kyle,Kyle Trask,Trask,-0.05000000074505806,4,6000,CHI@CAR,CAR,CHI,,,,,,QB
133646-166588,TE,Colston,Colston Loveland,Loveland,9.411110772026909,18,6000,CHI@CAR,CHI,CAR,,,,,,TE/FLEX
133646-139985,QB,Bailey,Bailey Zappe,Zappe,4.5,2,6000,NYJ@TEN,NYJ,TEN,,,,,,QB
133646-38628,QB,Mitchell,Mitchell Trubisky,Trubisky,7.78000020980835,4,6000,NYJ@TEN,TEN,NYJ,Q,Biceps,,,,QB
133646-61157,QB,Brett,Brett Rypien,Rypien,0,1,6000,BUF@HOU,HOU,BUF,,,,,,QB
133646-92975,QB,Malik,Malik Cunningham,Cunningham,0.10000000149011612,1,6000,NO@DET,DET,NO,,,,,,QB
133646-154450,QB,Riley,Riley Leonard,Leonard,6.4,5,6000,BAL@IND,IND,BAL,,,,,,QB
133646-8023,QB,Josh,Josh Johnson,Johnson,8.793333053588867,3,6000,TB@CIN,CIN,TB,,,,,,QB
133646-53095,QB,Kyle,Kyle Allen,Allen,-0.15000000596046448,2,6000,BUF@HOU,BUF,HOU,,,,,,QB
133646-88937,QB,Carter,Carter Bradley,Bradley,,0,6000,CLE@JAC,JAC,CLE,IR,Thumb,,,,QB
133646-92020,QB,Kenny,Kenny Pickett,Pickett,1.6200000445048015,6,6000,CHI@CAR,CAR,CHI,,,,,,QB
133646-128944,QB,Haynes,Haynes King,King,,0,6000,CHI@CAR,CAR,CHI,Q,Hamstring,,,,QB
133646-111557,QB,Spencer,Spencer Rattler,Rattler,11.515555487738716,9,6000,NO@DET,NO,DET,,,,,,QB
133646-85983,QB,Hendon,Hendon Hooker,Hooker,0.6700000166893005,4,6000,NYJ@TEN,TEN,NYJ,,,,,,QB
133646-166892,QB,Drew,Drew Allar,Allar,,0,6000,ATL@PIT,PIT,ATL,,,,,,QB
133646-86518,WR,Khalil,Khalil Shakir,Shakir,8.811111450195312,18,5900,BUF@HOU,BUF,HOU,Q,Undisclosed,,,,WR/FLEX
133646-64555,WR,Calvin,Calvin Ridley,Ridley,5.971428462437221,7,5800,NYJ@TEN,TEN,NYJ,,,,,,WR/FLEX
133646-63634,WR,Jakobi,Jakobi Meyers,Meyers,8.235294117647058,17,5800,CLE@JAC,JAC,CLE,Q,Hand,,,,WR/FLEX
133646-105646,TE,Sam,Sam LaPorta,LaPorta,9.655555725097656,9,5800,NO@DET,DET,NO,Q,Hip,,,,TE/FLEX
133646-87467,RB,Chuba,Chuba Hubbard,Hubbard,8.081250190734863,16,5800,CHI@CAR,CAR,CHI,Q,Hamstring,,,,RB/FLEX
133646-69213,WR,Michael,Michael Pittman Jr.,Pittman Jr.,9.72941140567555,17,5800,ATL@PIT,PIT,ATL,Q,Hamstring,,,,WR/FLEX
133646-158968,RB,Jonathon,Jonathon Brooks,Brooks,2,3,5700,CHI@CAR,CAR,CHI,Q,General soreness,,,,RB/FLEX
133646-129291,WR,Tank,Tank Dell,Dell,8.392857142857142,14,5700,BUF@HOU,HOU,BUF,IR,Knee - acl + mcl,,,,WR/FLEX
133646-90561,WR,Jerry,Jerry Jeudy,Jeudy,5.6294115851907165,17,5700,CLE@JAC,CLE,JAC,,,,,,WR/FLEX
133646-172675,WR,Jordyn,Jordyn Tyson,Tyson,,0,5700,NO@DET,NO,DET,IR,Hamstring,,,,WR/FLEX
133646-172699,TE,Harold,Harold Fannin Jr.,Fannin Jr.,9.587499618530273,16,5700,CLE@JAC,CLE,JAC,,,,,,TE/FLEX
133646-129305,WR,Josh,Josh Downs,Downs,6.712500095367432,16,5600,BAL@IND,IND,BAL,Q,Calf,,,,WR/FLEX
133646-137530,TE,Tyler,Tyler Warren,Warren,8.852941176470589,17,5600,BAL@IND,IND,BAL,Q,Groin,,,,TE/FLEX
133646-183756,WR,Carnell,Carnell Tate,Tate,,0,5600,NYJ@TEN,TEN,NYJ,Q,Undisclosed,,,,WR/FLEX
133646-29253,WR,Keenan,Keenan Allen,Allen,8.288888719346788,18,5600,BAL@IND,IND,BAL,,,,,,WR/FLEX
133646-144102,RB,Kyle,Kyle Monangai,Monangai,8.331579107987253,19,5600,CHI@CAR,CHI,CAR,Q,Knee,,,,RB/FLEX
133646-86080,TE,Kyle,Kyle Pitts Sr.,Pitts Sr.,9.988235473632812,17,5500,ATL@PIT,ATL,PIT,,,,,,TE/FLEX
133646-42104,RB,Alvin,Alvin Kamara,Kamara,7.654545177112926,11,5500,NO@DET,NO,DET,Q,Knee - mcl,,,,RB/FLEX
133646-90912,RB,Kenny,Kenny Gainwell,Gainwell,10.633332994249132,18,5500,TB@CIN,TB,CIN,,,,,,RB/FLEX
133646-147315,WR,Jayden,Jayden Higgins,Higgins,6.489473844829359,19,5500,BUF@HOU,HOU,BUF,IR,Knee - acl,,,,WR/FLEX
133646-86229,WR,Jahan,Jahan Dotson,Dotson,2.575000047683716,16,5400,ATL@PIT,ATL,PIT,,,,,,WR/FLEX
133646-120042,WR,Jalen,Jalen McMillan,McMillan,6.724999904632568,4,5400,TB@CIN,TB,CIN,Q,Knee,,,,WR/FLEX
133646-151789,WR,Adonai,Adonai Mitchell,Mitchell,4.75,16,5400,NYJ@TEN,NYJ,TEN,,,,,,WR/FLEX
133646-64808,TE,Juwan,Juwan Johnson,Johnson,8.3176466997932,17,5400,NO@DET,NO,DET,,,,,,TE/FLEX
133646-201547,WR,Jalen,Jalen Coker,Coker,8.40000025431315,12,5400,CHI@CAR,CAR,CHI,,,,,,WR/FLEX
133646-87127,RB,Chris,Chris Rodriguez Jr.,Rodriguez Jr.,7.541666666666667,12,5300,CLE@JAC,JAC,CLE,,,,,,RB/FLEX
133646-103539,WR,Wan'Dale,Wan'Dale Robinson,Robinson,11.306249618530273,16,5300,NYJ@TEN,TEN,NYJ,Q,Head,,,,WR/FLEX
133646-92575,RB,Isiah,Isiah Pacheco,Pacheco,5.984615619365986,13,5300,NO@DET,DET,NO,IR,Back,,,,RB/FLEX
133646-184184,WR,Travis,Travis Hunter,Hunter,7.5428570338657925,7,5300,CLE@JAC,JAC,CLE,,,,,,WR/FLEX
133646-64389,WR,Nick,Nick Westbrook-Ikhine,Westbrook-Ikhine,1.309090874411843,11,5300,BAL@IND,IND,BAL,,,,,,WR/FLEX
133646-64496,WR,Olamide,Olamide Zaccheaus,Zaccheaus,4.625,16,5300,ATL@PIT,ATL,PIT,,,,,,WR/FLEX
133646-145558,TE,Dalton,Dalton Kincaid,Kincaid,10.014285496303014,14,5200,BUF@HOU,BUF,HOU,,,,,,TE/FLEX
133646-52436,TE,Mark,Mark Andrews,Andrews,6.294117647058823,17,5200,BAL@IND,BAL,IND,,,,,,TE/FLEX
133646-90562,RB,Brian,Brian Robinson Jr.,Robinson Jr.,3.142105303312603,19,5200,ATL@PIT,ATL,PIT,,,,,,RB/FLEX
133646-85845,WR,Rashod,Rashod Bateman,Bateman,3.5307693481445312,13,5200,BAL@IND,BAL,IND,,,,,,WR/FLEX
133646-103587,TE,Brenton,Brenton Strange,Strange,7.453846271221455,13,5100,CLE@JAC,JAC,CLE,,,,,,TE/FLEX
133646-69860,RB,Trayveon,Trayveon Williams,Williams,2.183333396911621,6,5100,NO@DET,DET,NO,,,,,,RB/FLEX
133646-183649,WR,KC,KC Concepcion,Concepcion,,0,5100,CLE@JAC,CLE,JAC,,,,,,WR/FLEX
133646-174486,RB,Dylan,Dylan Sampson,Sampson,4.73999989827474,15,5100,CLE@JAC,CLE,JAC,,,,,,RB/FLEX
133646-128624,WR,Tez,Tez Johnson,Johnson,5.226666768391927,15,5100,TB@CIN,TB,CIN,,,,,,WR/FLEX
133646-172715,WR,Omar,Omar Cooper Jr.,Cooper Jr.,,0,5100,NYJ@TEN,NYJ,TEN,,,,,,WR/FLEX
133646-55042,TE,Dalton,Dalton Schultz,Schultz,7.636842426500823,19,5100,BUF@HOU,HOU,BUF,,,,,,TE/FLEX
133646-103511,WR,Devaughn,Devaughn Vele,Vele,5.977777693006727,9,5000,NO@DET,NO,DET,,,,,,WR/FLEX
133646-12554,D,Jacksonville,Jacksonville Jaguars,Jaguars,8.166666666666666,18,5000,CLE@JAC,JAC,CLE,,,,,,DEF
133646-152007,WR,Jaylin,Jaylin Noel,Noel,2.9157895539936267,19,5000,BUF@HOU,HOU,BUF,Q,Hamstring,,,,WR/FLEX
133646-63050,RB,Ty,Ty Johnson,Johnson,5.194117826573989,17,5000,BUF@HOU,BUF,HOU,Q,Lower leg,,,,RB/FLEX
133646-86811,TE,Cade,Cade Otton,Otton,6.179999796549479,15,5000,TB@CIN,TB,CIN,,,,,,TE/FLEX
133646-107293,RB,Tyjae,Tyjae Spears,Spears,6.861538226787861,13,5000,NYJ@TEN,TEN,NYJ,,,,,,RB/FLEX
133646-172861,WR,Elic,Elic Ayomanor,Ayomanor,6,16,5000,NYJ@TEN,TEN,NYJ,,,,,,WR/FLEX
133646-137059,RB,Sean,Sean Tucker,Tucker,5.317647148581112,17,5000,TB@CIN,TB,CIN,Q,Undisclosed,,,,RB/FLEX
133646-119653,WR,Kayshon,Kayshon Boutte,Boutte,7.66111077202691,18,5000,BUF@HOU,HOU,BUF,,,,,,WR/FLEX
133646-185593,WR,Andrei,Andrei Iosivas,Iosivas,4.893333435058594,15,4900,TB@CIN,CIN,TB,,,,,,WR/FLEX
133646-12547,D,Pittsburgh,Pittsburgh Steelers,Steelers,7.833333333333333,18,4900,ATL@PIT,PIT,ATL,,,,,,DEF
133646-133477,TE,Darnell,Darnell Washington,Washington,4.453846271221455,13,4900,ATL@PIT,PIT,ATL,,,,,,TE/FLEX
133646-190930,WR,Ja'Kobi,Ja'Kobi Lane,Lane,,0,4900,BAL@IND,BAL,IND,,,,,,WR/FLEX
133646-157467,WR,Keon,Keon Coleman,Coleman,7,14,4900,BUF@HOU,BUF,HOU,Q,Foot,,,,WR/FLEX
133646-166749,RB,LeQuint,LeQuint Allen Jr.,Allen Jr.,1.2647058823529411,17,4900,CLE@JAC,JAC,CLE,Q,Undisclosed,,,,RB/FLEX
133646-56265,TE,Mike,Mike Gesicki,Gesicki,4.725000063578288,12,4900,TB@CIN,CIN,TB,,,,,,TE/FLEX
133646-168054,TE,Mason,Mason Taylor,Taylor,5.146153963529146,13,4800,NYJ@TEN,NYJ,TEN,,,,,,TE/FLEX
133646-183488,WR,Isaac,Isaac TeSlaa,TeSlaa,4.850000108991351,14,4800,NO@DET,DET,NO,,,,,,WR/FLEX
133646-167110,WR,Denzel,Denzel Boston,Boston,,0,4800,CLE@JAC,CLE,JAC,,,,,,WR/FLEX
133646-52451,RB,Samaje,Samaje Perine,Perine,4.626666768391927,15,4800,TB@CIN,CIN,TB,,,,,,RB/FLEX
133646-86244,TE,Pat,Pat Freiermuth,Freiermuth,6.150000095367432,16,4800,ATL@PIT,PIT,ATL,,,,,,TE/FLEX
133646-12527,D,Chicago,Chicago Bears,Bears,6.368421052631579,19,4800,CHI@CAR,CHI,CAR,,,,,,DEF
133646-120085,RB,Seth,Seth McGowan,McGowan,,0,4800,BAL@IND,IND,BAL,,,,,,RB/FLEX
133646-114198,WR,Xavier,Xavier Legette,Legette,4.568749904632568,16,4800,CHI@CAR,CAR,CHI,Q,Ankle,,,,WR/FLEX
133646-152148,TE,Gunnar,Gunnar Helm,Helm,4.356249809265137,16,4800,NYJ@TEN,TEN,NYJ,,,,,,TE/FLEX
133646-158412,RB,Braelon,Braelon Allen,Allen,3.575000047683716,4,4800,NYJ@TEN,NYJ,TEN,,,,,,RB/FLEX
133646-70422,WR,Kalif,Kalif Raymond,Raymond,3.914285659790039,14,4800,CHI@CAR,CHI,CAR,,,,,,WR/FLEX
133646-119788,WR,Xavier,Xavier Hutchinson,Hutchinson,5,18,4800,BUF@HOU,HOU,BUF,,,,,,WR/FLEX
133646-64585,TE,Dawson,Dawson Knox,Knox,5.272222306993273,18,4700,BUF@HOU,BUF,HOU,,,,,,TE/FLEX
133646-129112,WR,Chimere,Chimere Dike,Dike,6.005882263183594,17,4700,NYJ@TEN,TEN,NYJ,,,,,,WR/FLEX
133646-12532,D,Detroit,Detroit Lions,Lions,5.705882352941177,17,4700,NO@DET,DET,NO,,,,,,DEF
133646-154971,RB,Devin,Devin Neal,Neal,5.722222222222222,9,4700,NO@DET,NO,DET,Q,Hamstring,,,,RB/FLEX
133646-91578,RB,Zamir,Zamir White,White,1.5199999809265137,5,4700,NO@DET,NO,DET,,,,,,RB/FLEX
133646-184873,TE,Kenyon,Kenyon Sadiq,Sadiq,,0,4700,NYJ@TEN,NYJ,TEN,Q,Abdomen,,,,TE/FLEX
133646-167636,WR,Germie,Germie Bernard,Bernard,,0,4700,ATL@PIT,PIT,ATL,,,,,,WR/FLEX
133646-138037,WR,Roman,Roman Wilson,Wilson,3.6222220526801214,9,4700,ATL@PIT,PIT,ATL,,,,,,WR/FLEX
133646-103308,RB,Jawhar,Jawhar Jordan,Jordan,7.300000190734863,4,4700,BUF@HOU,HOU,BUF,,,,,,RB/FLEX
133646-183251,WR,Zachariah,Zachariah Branch,Branch,,0,4700,ATL@PIT,ATL,PIT,,,,,,WR/FLEX
133646-103378,TE,Erick,Erick All Jr.,All Jr.,3.2249999046325684,8,4700,TB@CIN,CIN,TB,,,,,,TE/FLEX
133646-91101,TE,Tommy,Tommy Tremble,Tremble,3.3812499046325684,16,4700,CHI@CAR,CAR,CHI,,,,,,TE/FLEX
133646-71705,TE,Noah,Noah Fant,Fant,4.446153787466196,13,4600,NO@DET,NO,DET,,,,,,TE/FLEX
133646-174245,WR,Isaiah,Isaiah Bond,Bond,3.046666717529297,15,4600,CLE@JAC,CLE,JAC,,,,,,WR/FLEX
133646-158983,TE,Ja'Tavion,Ja'Tavion Sanders,Sanders,3.590909090909091,11,4600,CHI@CAR,CAR,CHI,,,,,,TE/FLEX
133646-103694,RB,Ray,Ray Davis,Davis,3.3894737645199426,19,4600,BUF@HOU,BUF,HOU,,,,,,RB/FLEX
133646-102696,WR,John,John Metchie III,Metchie III,4.261538578913762,13,4600,CHI@CAR,CAR,CHI,,,,,,WR/FLEX
133646-87418,WR,Joshua,Joshua Palmer,Palmer,3.441666603088379,12,4600,BUF@HOU,BUF,HOU,,,,,,WR/FLEX
133646-56711,TE,Drew,Drew Sample,Sample,2.218181783502752,11,4600,TB@CIN,CIN,TB,,,,,,TE/FLEX
133646-166898,RB,Nick,Nick Singleton,Singleton,,0,4600,NYJ@TEN,TEN,NYJ,,,,,,RB/FLEX
133646-112780,WR,Jamari,Jamari Thrash,Thrash,1.962499976158142,8,4500,CLE@JAC,CLE,JAC,IR,Undisclosed,,,,WR/FLEX
133646-90307,TE,Daniel,Daniel Bellinger,Bellinger,4.174999872843425,12,4500,NYJ@TEN,TEN,NYJ,,,,,,TE/FLEX
133646-129422,TE,Nate,Nate Boerkircher,Boerkircher,,0,4500,CLE@JAC,JAC,CLE,,,,,,TE/FLEX
133646-193004,WR,Jahdae,Jahdae Walker,Walker,7.900000254313151,3,4500,CHI@CAR,CHI,CAR,,,,,,WR/FLEX
133646-206341,WR,Ted,Ted Hurst III,Hurst III,,0,4500,TB@CIN,TB,CIN,,,,,,WR/FLEX
133646-184917,WR,Elijah,Elijah Sarratt,Sarratt,,0,4500,BAL@IND,BAL,IND,,,,,,WR/FLEX
133646-155293,RB,DJ,DJ Giddens,Giddens,1.9200000762939453,5,4500,BAL@IND,IND,BAL,,,,,,RB/FLEX
133646-156527,WR,Devontez,Devontez Walker,Walker,5.766666412353516,6,4500,BAL@IND,BAL,IND,,,,,,WR/FLEX
133646-128912,WR,Mitch,Mitch Tinsley,Tinsley,3.450000047683716,8,4500,BUF@HOU,HOU,BUF,,,,,,WR/FLEX
133646-91047,TE,Cole,Cole Kmet,Kmet,4.1333334181043835,18,4500,CHI@CAR,CHI,CAR,,,,,,TE/FLEX
133646-91046,TE,Brock,Brock Wright,Wright,4.257142748151507,7,4500,NO@DET,DET,NO,,,,,,TE/FLEX
133646-69558,WR,Greg,Greg Dortch,Dortch,5.049999872843425,12,4500,BUF@HOU,BUF,HOU,,,,,,WR/FLEX
133646-152607,WR,Deion,Deion Burks,Burks,,0,4400,BAL@IND,IND,BAL,,,,,,WR/FLEX
133646-57543,RB,D'Ernest,D'Ernest Johnson,Johnson,0.3125,8,4400,NYJ@TEN,TEN,NYJ,,,,,,RB/FLEX
133646-12556,D,Houston,Houston Texans,Texans,10.842105263157896,19,4400,BUF@HOU,HOU,BUF,,,,,,DEF
133646-60712,TE,Foster,Foster Moreau,Moreau,1.3428570883614677,7,4400,BUF@HOU,HOU,BUF,,,,,,TE/FLEX
133646-87432,WR,Cedric,Cedric Tillman,Tillman,4.125,12,4400,NO@DET,NO,DET,,,,,,WR/FLEX
133646-25011,TE,Darren,Darren Waller,Waller,9.587499618530273,8,4400,CHI@CAR,CAR,CHI,,,,,,TE/FLEX
133646-157150,RB,Audric,Audric Estime,Estime,8.419999694824218,5,4400,NO@DET,NO,DET,,,,,,RB/FLEX
133646-158402,WR,Skyler,Skyler Bell,Bell,,0,4400,BUF@HOU,BUF,HOU,,,,,,WR/FLEX
133646-71521,RB,Justice,Justice Hill,Hill,5.470000076293945,10,4400,BAL@IND,BAL,IND,,,,,,RB/FLEX
133646-60451,TE,Tyler,Tyler Conklin,Conklin,2.300000031789144,6,4300,NO@DET,DET,NO,,,,,,TE/FLEX
133646-173241,WR,Barion,Barion Brown,Brown,,0,4300,NO@DET,NO,DET,,,,,,WR/FLEX
133646-151806,RB,Raheim,Raheim Sanders,Sanders,4.699999809265137,4,4300,CLE@JAC,CLE,JAC,,,,,,RB/FLEX
133646-12555,D,Baltimore,Baltimore Ravens,Ravens,5.705882352941177,17,4300,BAL@IND,BAL,IND,,,,,,DEF
133646-33047,WR,Chris,Chris Moore,Moore,3.3099998474121093,10,4300,BAL@IND,BAL,IND,,,,,,WR/FLEX
133646-167306,TE,Tanner,Tanner Koziol,Koziol,,0,4300,CLE@JAC,JAC,CLE,,,,,,TE/FLEX
133646-160213,RB,Isaiah,Isaiah Davis,Davis,3.793750047683716,16,4300,NYJ@TEN,NYJ,TEN,Q,Knee,,,,RB/FLEX
133646-87515,WR,Tylan,Tylan Wallace,Wallace,1.3888888888888888,9,4300,CLE@JAC,CLE,JAC,,,,,,WR/FLEX
133646-104012,WR,Ashton,Ashton Dulin,Dulin,1.5909090909090908,11,4300,BAL@IND,IND,BAL,,,,,,WR/FLEX
133646-27229,RB,Ameer,Ameer Abdullah,Abdullah,2.146153816810021,13,4300,CLE@JAC,JAC,CLE,,,,,,RB/FLEX
133646-62055,WR,Ray-Ray,Ray-Ray McCloud III,McCloud III,2.0799999237060547,5,4300,CHI@CAR,CHI,CAR,Q,Undisclosed,,,,WR/FLEX
133646-147168,WR,Chris,Chris Blair,Blair,0,1,4300,ATL@PIT,ATL,PIT,,,,,,WR/FLEX
133646-57091,WR,Tim,Tim Patrick,Patrick,3.1571429116385326,14,4300,NYJ@TEN,NYJ,TEN,,,,,,WR/FLEX
133646-27477,WR,Sterling,Sterling Shepard,Shepard,4.8076923076923075,13,4300,BUF@HOU,HOU,BUF,,,,,,WR/FLEX
133646-173994,WR,Zavion,Zavion Thomas,Thomas,,0,4300,CHI@CAR,CHI,CAR,,,,,,WR/FLEX
133646-111637,TE,Cade,Cade Stover,Stover,2.237499952316284,8,4200,BUF@HOU,HOU,BUF,,,,,,TE/FLEX
133646-83117,TE,Tanner,Tanner Hudson,Hudson,3.8299999237060547,10,4200,TB@CIN,CIN,TB,,,,,,TE/FLEX
133646-40126,TE,Austin,Austin Hooper,Hooper,3.293750047683716,16,4200,ATL@PIT,ATL,PIT,,,,,,TE/FLEX
133646-137488,RB,Rasheen,Rasheen Ali,Ali,1.5153846740722656,13,4200,BAL@IND,BAL,IND,,,,,,RB/FLEX
133646-93539,RB,Michael,Michael Carter,Carter,6.346153846153846,13,4200,NYJ@TEN,TEN,NYJ,,,,,,RB/FLEX
133646-112041,WR,Isaiah,Isaiah Williams,Williams,3.1499998910086497,14,4200,NYJ@TEN,NYJ,TEN,,,,,,WR/FLEX
133646-112101,WR,Jared,Jared Wayne,Wayne,3,1,4200,BUF@HOU,HOU,BUF,,,,,,WR/FLEX
133646-154124,TE,Mitchell,Mitchell Evans,Evans,2.7642857687813893,14,4200,CHI@CAR,CAR,CHI,,,,,,TE/FLEX
133646-87634,TE,Blake,Blake Whiteheart,Whiteheart,0.17499999701976776,8,4200,CLE@JAC,CLE,JAC,,,,,,TE/FLEX
133646-200291,TE,Jackson,Jackson Hawes,Hawes,3.4384615971491885,13,4200,BUF@HOU,BUF,HOU,,,,,,TE/FLEX
133646-172646,RB,Trevor,Trevor Etienne,Etienne,0.47777779897054035,18,4200,CHI@CAR,CAR,CHI,IR,Ankle,,,,RB/FLEX
133646-88685,WR,Austin,Austin Trammell,Trammell,1.0166666507720947,6,4200,CLE@JAC,JAC,CLE,,,,,,WR/FLEX
133646-87815,TE,Jeremy,Jeremy Ruckert,Ruckert,2.7230770404522238,13,4200,NYJ@TEN,NYJ,TEN,,,,,,TE/FLEX
133646-103187,RB,Roschon,Roschon Johnson,Johnson,0.5666666825612386,3,4200,CHI@CAR,CHI,CAR,,,,,,RB/FLEX
133646-201535,WR,Kameron,Kameron Johnson,Johnson,0.981249988079071,16,4200,TB@CIN,TB,CIN,,,,,,WR/FLEX
133646-120657,RB,Kendre,Kendre Miller,Miller,4.399999891008649,7,4200,NO@DET,NO,DET,Q,Undisclosed,,,,RB/FLEX
133646-42046,TE,Durham,Durham Smythe,Smythe,0.9428571292332241,7,4100,BAL@IND,BAL,IND,,,,,,TE/FLEX
133646-79987,WR,David,David Moore,Moore,0.7333333492279053,3,4100,CHI@CAR,CAR,CHI,,,,,,WR/FLEX
133646-61555,WR,David,David Sills V,Sills V,3.3416665395100913,12,4100,TB@CIN,TB,CIN,IR,Undisclosed,,,,WR/FLEX
133646-83083,WR,Justin,Justin Watson,Watson,1.5,3,4100,BUF@HOU,HOU,BUF,,,,,,WR/FLEX
133646-168076,RB,Sione,Sione Vaki,Vaki,0.06666666766007741,6,4100,NO@DET,DET,NO,,,,,,RB/FLEX
133646-93391,TE,Payne,Payne Durham,Durham,0.3200000047683716,5,4100,TB@CIN,TB,CIN,,,,,,TE/FLEX
133646-12526,D,Buffalo,Buffalo Bills,Bills,6.105263157894737,19,4100,BUF@HOU,BUF,HOU,,,,,,DEF
133646-87371,RB,Ty,Ty Chandler,Chandler,2.433333396911621,3,4100,NO@DET,NO,DET,IR,Knee,,,,RB/FLEX
133646-89437,WR,Tim,Tim Jones,Jones,1,2,4100,CLE@JAC,JAC,CLE,,,,,,WR/FLEX
133646-63855,WR,K.J.,K.J. Osborn,Osborn,2.171428544180734,7,4100,NYJ@TEN,TEN,NYJ,,,,,,WR/FLEX
133646-56698,WR,Dante,Dante Pettis,Pettis,2.171428544180734,7,4100,BUF@HOU,BUF,HOU,,,,,,WR/FLEX
133646-71105,WR,Ben,Ben Skowronek,Skowronek,1.2416666348775227,12,4100,ATL@PIT,PIT,ATL,Q,Concussion,,,,WR/FLEX
133646-147049,TE,Drew,Drew Ogletree,Ogletree,2.1399999618530274,5,4100,BAL@IND,IND,BAL,,,,,,TE/FLEX
133646-71351,TE,Charlie,Charlie Woerner,Woerner,1.100000023841858,8,4100,ATL@PIT,ATL,PIT,,,,,,TE/FLEX
133646-71352,WR,Mecole,Mecole Hardman Jr.,Hardman Jr.,1.6333333651224773,3,4100,BUF@HOU,BUF,HOU,,,,,,WR/FLEX
133646-110274,WR,Bub,Bub Means,Means,5.574999809265137,4,4100,NO@DET,NO,DET,,,,,,WR/FLEX
133646-86747,WR,Dylan,Dylan Drummond,Drummond,1.5399999618530273,5,4100,ATL@PIT,ATL,PIT,,,,,,WR/FLEX
133646-157438,WR,Jimmy,Jimmy Horn Jr.,Horn Jr.,2.109090978449041,11,4100,CHI@CAR,CAR,CHI,,,,,,WR/FLEX
133646-61273,WR,Scotty,Scotty Miller,Miller,2.1399999618530274,5,4100,CHI@CAR,CHI,CAR,,,,,,WR/FLEX
133646-128913,WR,Malachi,Malachi Corley,Corley,2.175000031789144,12,4100,CLE@JAC,CLE,JAC,,,,,,WR/FLEX
133646-137122,RB,Tahj,Tahj Brooks,Brooks,0.737500011920929,8,4100,TB@CIN,CIN,TB,,,,,,RB/FLEX
133646-91055,WR,Kevin,Kevin Austin Jr.,Austin Jr.,5.3,5,4100,NO@DET,NO,DET,,,,,,WR/FLEX
133646-69581,WR,Cedrick,Cedrick Wilson Jr.,Wilson Jr.,1.150000015894572,6,4100,NO@DET,DET,NO,Q,Knee,,,,WR/FLEX
133646-24533,TE,Mo,Mo Alie-Cox,Alie-Cox,2.2000000693581323,11,4100,BAL@IND,IND,BAL,,,,,,TE/FLEX
133646-178158,WR,Colbie,Colbie Young,Young,,0,4100,TB@CIN,CIN,TB,,,,,,WR/FLEX
133646-173066,RB,CJ,CJ Donaldson,Donaldson,,0,4000,NO@DET,NO,DET,,,,,,RB/FLEX
133646-90123,TE,Quintin,Quintin Morris,Morris,1.8125,8,4000,CLE@JAC,JAC,CLE,,,,,,TE/FLEX
133646-96269,RB,Owen,Owen Wright,Wright,0.30000001192092896,2,4000,BUF@HOU,HOU,BUF,,,,,,RB/FLEX
133646-167950,TE,Oscar,Oscar Delp,Delp,,0,4000,NO@DET,NO,DET,Q,Hamstring,,,,TE/FLEX
133646-226319,WR,Junior,Junior Bergen,Bergen,,0,4000,NYJ@TEN,NYJ,TEN,,,,,,WR/FLEX
133646-175126,WR,Chris,Chris Brazzell II,Brazzell II,,0,4000,CHI@CAR,CAR,CHI,IR,Knee,,,,WR/FLEX
133646-139284,RB,Frank,Frank Gore Jr.,Gore Jr.,0.550000011920929,2,4000,BUF@HOU,BUF,HOU,,,,,,RB/FLEX
133646-110616,TE,Treyton,Treyton Welch,Welch,,0,4000,NO@DET,NO,DET,,,,,,TE/FLEX
133646-152603,RB,Anthony,Anthony Tyus III,Tyus III,,0,4000,CHI@CAR,CAR,CHI,,,,,,RB/FLEX
133646-137254,RB,Deuce,Deuce Vaughn,Vaughn,1.7166666984558105,6,4000,BUF@HOU,HOU,BUF,,,,,,RB/FLEX
133646-243751,WR,Treyvhon,Treyvhon Saunders,Saunders,,0,4000,BUF@HOU,HOU,BUF,,,,,,WR/FLEX
133646-243752,WR,Daniel,Daniel Sobkowicz,Sobkowicz,,0,4000,BUF@HOU,HOU,BUF,,,,,,WR/FLEX
133646-88109,RB,Gary,Gary Brightwell,Brightwell,0,2,4000,TB@CIN,CIN,TB,,,,,,RB/FLEX
133646-175154,TE,Jack,Jack Endries,Endries,,0,4000,TB@CIN,CIN,TB,,,,,,TE/FLEX
133646-129081,RB,Ahmani,Ahmani Marshall,Marshall,,0,4000,CHI@CAR,CAR,CHI,,,,,,RB/FLEX
133646-173113,RB,Eli,Eli Heidenreich,Heidenreich,,0,4000,ATL@PIT,PIT,ATL,,,,,,RB/FLEX
133646-87109,WR,Bryce,Bryce Oliver,Oliver,1.2999999523162842,1,4000,CLE@JAC,CLE,JAC,,,,,,WR/FLEX
133646-168005,WR,CJ,CJ Williams,Williams,,0,4000,CLE@JAC,JAC,CLE,,,,,,WR/FLEX
133646-165962,TE,Nikola,Nikola Kalinic,Kalinic,0,2,4000,CHI@CAR,CHI,CAR,IR,Knee,,,,TE/FLEX
133646-87117,TE,Brenden,Brenden Bates,Bates,1.3600000381469726,5,4000,CLE@JAC,CLE,JAC,Q,Undisclosed,,,,TE/FLEX
133646-141390,TE,Riley,Riley Nowakowski,Nowakowski,,0,4000,ATL@PIT,PIT,ATL,,,,,,TE/FLEX
133646-65627,WR,Maurice,Maurice Alexander,Alexander,0,1,4000,CHI@CAR,CHI,CAR,,,,,,WR/FLEX
133646-152675,WR,Brady,Brady Boyd,Boyd,,0,4000,CLE@JAC,JAC,CLE,,,,,,WR/FLEX
133646-154730,WR,Dean,Dean Patterson IV,Patterson IV,,0,4000,TB@CIN,TB,CIN,,,,,,WR/FLEX
133646-175211,WR,Cortez,Cortez Braham Jr.,Braham Jr.,,0,4000,BAL@IND,BAL,IND,,,,,,WR/FLEX
133646-68714,TE,Ko,Ko Kieft,Kieft,0,1,4000,TB@CIN,TB,CIN,,,,,,TE/FLEX
133646-86125,WR,Brandon,Brandon Smith,Smith,,0,4000,ATL@PIT,PIT,ATL,,,,,,WR/FLEX
133646-183404,TE,Josh,Josh Cuevas,Cuevas,,0,4000,BAL@IND,BAL,IND,,,,,,TE/FLEX
133646-140407,RB,Miles,Miles Davis,Davis,,0,4000,CHI@CAR,CAR,CHI,,,,,,RB/FLEX
133646-158836,RB,Lucas,Lucas Scott,Scott,,0,4000,BAL@IND,BAL,IND,,,,,,RB/FLEX
133646-110721,WR,Dayton,Dayton Wade,Wade,,0,4000,BAL@IND,BAL,IND,,,,,,WR/FLEX
133646-159883,RB,Cash,Cash Jones,Jones,,0,4000,ATL@PIT,ATL,PIT,,,,,,RB/FLEX
133646-152717,WR,Beaux,Beaux Collins,Collins,1.1666666666666667,3,4000,ATL@PIT,ATL,PIT,IR,Undisclosed,,,,WR/FLEX
133646-54426,TE,Andrew,Andrew Beck,Beck,2.2222222222222223,9,4000,NYJ@TEN,NYJ,TEN,,,,,,TE/FLEX
133646-94363,WR,Elijah,Elijah Cooks,Cooks,,0,4000,CHI@CAR,CAR,CHI,,,,,,WR/FLEX
133646-135321,WR,Mac,Mac Dalena,Dalena,,0,4000,BUF@HOU,BUF,HOU,,,,,,WR/FLEX
133646-139417,RB,Anderson,Anderson Castle,Castle,,0,4000,BAL@IND,IND,BAL,,,,,,RB/FLEX
133646-173230,TE,Josh,Josh Kattus,Kattus,,0,4000,TB@CIN,CIN,TB,,,,,,TE/FLEX
133646-201903,WR,Coleman,Coleman Owen,Owen,0,2,4000,BAL@IND,IND,BAL,IR,Concussion,,,,WR/FLEX
133646-105648,RB,Tyler,Tyler Goodson,Goodson,0.4199999809265137,10,4000,ATL@PIT,ATL,PIT,,,,,,RB/FLEX
133646-178371,TE,Lance,Lance Mason,Mason,,0,4000,ATL@PIT,PIT,ATL,,,,,,TE/FLEX
133646-158916,TE,Bauer,Bauer Sharp,Sharp,,0,4000,TB@CIN,TB,CIN,,,,,,TE/FLEX
133646-176325,TE,Jack,Jack Velling,Velling,,0,4000,ATL@PIT,ATL,PIT,,,,,,TE/FLEX
133646-170184,RB,Julius,Julius Chestnut,Chestnut,0.3076923076923077,13,4000,NYJ@TEN,TEN,NYJ,,,,,,RB/FLEX
133646-152784,WR,Raylen,Raylen Sharpe,Sharpe,,0,4000,BAL@IND,IND,BAL,,,,,,WR/FLEX
133646-242901,WR,Ben,Ben Patterson,Patterson,,0,4000,CLE@JAC,CLE,JAC,,,,,,WR/FLEX
133646-95455,WR,D.J.,D.J. Montgomery,Montgomery,,0,4000,BAL@IND,IND,BAL,IR,Abdomen,,,,WR/FLEX
133646-226525,WR,Chandler,Chandler Brayboy,Brayboy,,0,4000,CLE@JAC,JAC,CLE,,,,,,WR/FLEX
133646-170208,WR,Kaden,Kaden Davis,Davis,0,1,4000,CHI@CAR,CHI,CAR,,,,,,WR/FLEX
133646-169185,WR,Jamaal,Jamaal Pritchett,Pritchett,,0,4000,NYJ@TEN,NYJ,TEN,,,,,,WR/FLEX
133646-170214,WR,Dennis,Dennis Houston,Houston,,0,4000,TB@CIN,TB,CIN,Q,Groin,,,,WR/FLEX
133646-130276,WR,Mason,Mason Kinsey,Kinsey,1.4500000476837158,4,4000,NYJ@TEN,TEN,NYJ,,,,,,WR/FLEX
133646-168171,TE,Jaren,Jaren Kanak,Kanak,,0,4000,NYJ@TEN,TEN,NYJ,IR,Pectoral,,,,TE/FLEX
133646-139510,WR,Caullin,Caullin Lacy,Lacy,,0,4000,NYJ@TEN,NYJ,TEN,Q,Undisclosed,,,,WR/FLEX
133646-151799,WR,Jackson,Jackson Meeks,Meeks,,0,4000,NO@DET,DET,NO,,,,,,WR/FLEX
133646-173300,WR,Octavian,Octavian Smith Jr.,Smith Jr.,,0,4000,BAL@IND,BAL,IND,,,,,,WR/FLEX
133646-61693,TE,Danny,Danny Pinter,Pinter,0,1,4000,BAL@IND,BAL,IND,IR,Knee,,,,TE/FLEX
133646-71935,WR,Kendric,Kendric Pryor,Pryor,1.399999976158142,1,4000,TB@CIN,CIN,TB,,,,,,WR/FLEX
133646-110868,RB,Josh,Josh Williams,Williams,0.550000011920929,2,4000,TB@CIN,TB,CIN,,,,,,RB/FLEX
133646-137495,RB,Kentrel,Kentrel Bullock,Bullock,,0,4000,TB@CIN,CIN,TB,,,,,,RB/FLEX
133646-157975,TE,Keleki,Keleki Latu,Latu,1.8333333333333333,3,4000,BUF@HOU,BUF,HOU,,,,,,TE/FLEX
133646-129302,WR,Stephen,Stephen Gosnell,Gosnell,,0,4000,BUF@HOU,BUF,HOU,,,,,,WR/FLEX
133646-91428,WR,Tarik,Tarik Black,Black,,0,4000,NO@DET,DET,NO,,,,,,WR/FLEX
133646-92479,TE,David,David Martin-Robinson,Martin-Robinson,1.5714285714285714,7,4000,NYJ@TEN,TEN,NYJ,,,,,,TE/FLEX
133646-41305,WR,Zay,Zay Jones,Jones,4.049999872843425,6,4000,BUF@HOU,HOU,BUF,,,,,,WR/FLEX
133646-152921,RB,Sam,Sam Scott,Scott,,0,4000,NYJ@TEN,NYJ,TEN,Q,Undisclosed,,,,RB/FLEX
133646-185699,WR,Eric,Eric Rivers Jr.,Rivers Jr.,,0,4000,TB@CIN,TB,CIN,,,,,,WR/FLEX
133646-133478,WR,Arian,Arian Smith,Smith,0.7692307692307693,13,4000,NYJ@TEN,NYJ,TEN,,,,,,WR/FLEX
133646-93540,RB,British,British Brooks,Brooks,0.9750000238418579,8,4000,BUF@HOU,HOU,BUF,Q,Hand,,,,RB/FLEX
133646-153957,TE,Zaire,Zaire Mitchell-Paden,Mitchell-Paden,0.9000000158945719,3,4000,BUF@HOU,HOU,BUF,,,,,,TE/FLEX
133646-151914,TE,Moliki,Moliki Matavao,Matavao,2,1,4000,NO@DET,NO,DET,IR,Knee,,,,TE/FLEX
133646-166253,TE,Sam,Sam Roush,Roush,,0,4000,CHI@CAR,CHI,CAR,,,,,,TE/FLEX
133646-90480,TE,Joel,Joel Wilson,Wilson,,0,4000,NYJ@TEN,TEN,NYJ,,,,,,TE/FLEX
133646-90483,TE,Bernhard,Bernhard Raimann,Raimann,0,2,4000,BAL@IND,IND,BAL,,,,,,TE/FLEX
133646-151920,TE,Jermaine,Jermaine Terry,Terry,,0,4000,CLE@JAC,CLE,JAC,,,,,,TE/FLEX
133646-110977,TE,Thomas,Thomas Gordon,Gordon,,0,4000,NO@DET,DET,NO,,,,,,TE/FLEX
133646-70023,WR,Cornell,Cornell Powell,Powell,,0,4000,ATL@PIT,PIT,ATL,,,,,,WR/FLEX
133646-138649,WR,LaJohntay,LaJohntay Wester,Wester,-0.16666666666666666,12,4000,BAL@IND,BAL,IND,,,,,,WR/FLEX
133646-133538,WR,Levi,Levi Wentz,Wentz,,0,4000,ATL@PIT,PIT,ATL,,,,,,WR/FLEX
133646-151968,TE,Lake,Lake McRee,McRee,,0,4000,ATL@PIT,PIT,ATL,,,,,,TE/FLEX
133646-112037,WR,Casey,Casey Washington,Washington,2.4799999237060546,5,4000,CHI@CAR,CAR,CHI,,,,,,WR/FLEX
133646-166313,RB,Adam,Adam Randall,Randall,,0,4000,BAL@IND,BAL,IND,IR,Undisclosed,,,,RB/FLEX
133646-241064,WR,Dohnte,Dohnte Meyers,Meyers,,0,4000,TB@CIN,CIN,TB,,,,,,WR/FLEX
133646-87469,TE,Jelani,Jelani Woods,Woods,0.44999998807907104,2,4000,NYJ@TEN,NYJ,TEN,,,,,,TE/FLEX
133646-92590,RB,Raheem,Raheem Blackshear,Blackshear,0.5333333333333333,15,4000,NO@DET,DET,NO,Q,Undisclosed,,,,RB/FLEX
133646-175539,WR,Vinny,Vinny Anthony II,Anthony II,,0,4000,ATL@PIT,ATL,PIT,,,,,,WR/FLEX
133646-133558,WR,Luke,Luke Floriea,Floriea,,0,4000,CLE@JAC,CLE,JAC,,,,,,WR/FLEX
133646-184756,TE,Hayden,Hayden Large,Large,,0,4000,CHI@CAR,CHI,CAR,IR,Undisclosed,,,,TE/FLEX
133646-225739,TE,Cody,Cody Hardy,Hardy,,0,4000,NO@DET,NO,DET,,,,,,TE/FLEX
133646-26057,RB,Michael,Michael Burton,Burton,2.209090839732777,11,4000,CLE@JAC,CLE,JAC,,,,,,RB/FLEX
133646-152008,TE,Tyler,Tyler Moore,Moore,,0,4000,BAL@IND,IND,BAL,,,,,,TE/FLEX
133646-152014,WR,JP,JP Richardson,Richardson,,0,4000,CHI@CAR,CHI,CAR,,,,,,WR/FLEX
133646-173518,WR,Qadir,Qadir Ismail,Ismail,,0,4000,CHI@CAR,CHI,CAR,,,,,,WR/FLEX
133646-177614,TE,Marlin,Marlin Klein,Klein,,0,4000,BUF@HOU,HOU,BUF,,,,,,TE/FLEX
133646-69068,RB,Jonathan,Jonathan Ward,Ward,0.7333333492279053,3,4000,BAL@IND,BAL,IND,,,,,,RB/FLEX
133646-109007,WR,Josh,Josh Kelly,Kelly,,0,4000,BUF@HOU,HOU,BUF,,,,,,WR/FLEX
133646-117201,WR,Isaiah,Isaiah Winstead,Winstead,,0,4000,ATL@PIT,PIT,ATL,,,,,,WR/FLEX
133646-109008,WR,Jalen,Jalen Moreno-Cropper,Moreno-Cropper,0,2,4000,NO@DET,NO,DET,,,,,,WR/FLEX
133646-243158,WR,Tyren,Tyren Montgomery,Montgomery,,0,4000,NYJ@TEN,TEN,NYJ,,,,,,WR/FLEX
133646-90583,WR,Tyrell,Tyrell Shavers,Shavers,3.6272728659889917,11,4000,BUF@HOU,BUF,HOU,NA,Knee - acl,,,,WR/FLEX
133646-155096,WR,Quincy,Quincy Skinner Jr.,Skinner Jr.,,0,4000,NYJ@TEN,NYJ,TEN,,,,,,WR/FLEX
133646-243161,TE,Ty,Ty Pezza,Pezza,,0,4000,BAL@IND,BAL,IND,,,,,,TE/FLEX
133646-63967,WR,Lucky,Lucky Jackson,Jackson,,0,4000,NO@DET,DET,NO,,,,,,WR/FLEX
133646-80353,TE,Robert,Robert Tonyan,Tonyan,0.6000000238418579,1,4000,ATL@PIT,PIT,ATL,,,,,,TE/FLEX
133646-185827,RB,Jacob,Jacob Saylors,Saylors,0.1100000023841858,10,4000,NO@DET,DET,NO,,,,,,RB/FLEX
133646-169440,WR,Kaden,Kaden Wetjen,Wetjen,,0,4000,ATL@PIT,PIT,ATL,,,,,,WR/FLEX
133646-102882,WR,Anthony,Anthony Gould,Gould,0.1600000023841858,10,4000,BAL@IND,IND,BAL,,,,,,WR/FLEX
133646-71143,TE,Kylen,Kylen Granson,Granson,0.8333333333333334,9,4000,NYJ@TEN,TEN,NYJ,,,,,,TE/FLEX
133646-188900,WR,Michael,Michael Wortham,Wortham,,0,4000,CLE@JAC,JAC,CLE,,,,,,WR/FLEX
133646-102902,WR,Trey,Trey Palmer,Palmer,2.085714340209961,14,4000,NO@DET,NO,DET,,,,,,WR/FLEX
133646-113160,WR,Jakobie,Jakobie Keeney-James,Keeney-James,2.5,1,4000,ATL@PIT,PIT,ATL,,,,,,WR/FLEX
133646-129560,WR,Xavier,Xavier Restrepo,Restrepo,2.799999952316284,2,4000,NYJ@TEN,TEN,NYJ,,,,,,WR/FLEX
133646-89627,WR,Brycen,Brycen Tremayne,Tremayne,1.7692307692307692,13,4000,CHI@CAR,CAR,CHI,,,,,,WR/FLEX
133646-73247,RB,Kene,Kene Nwangwu,Nwangwu,1.0899999618530274,10,4000,NYJ@TEN,NYJ,TEN,,,,,,RB/FLEX
133646-226856,TE,JJ,JJ Galbreath,Galbreath,,0,4000,BAL@IND,IND,BAL,,,,,,TE/FLEX
133646-208430,WR,Bryce,Bryce Lance,Lance,,0,4000,NO@DET,NO,DET,,,,,,WR/FLEX
133646-201260,WR,Mason,Mason Tipton,Tipton,1.8624999523162842,8,4000,NO@DET,NO,DET,NA,Leg,,,,WR/FLEX
133646-226866,WR,Joaquin,Joaquin Davis,Davis,,0,4000,ATL@PIT,PIT,ATL,,,,,,WR/FLEX
133646-238135,TE,Layne,Layne Pryor,Pryor,,0,4000,BUF@HOU,HOU,BUF,,,,,,TE/FLEX
133646-226875,WR,Ja'seem,Ja'seem Reed,Reed,,0,4000,CHI@CAR,CAR,CHI,,,,,,WR/FLEX
133646-225850,RB,J'Mari,J'Mari Taylor,Taylor,,0,4000,CLE@JAC,JAC,CLE,,,,,,RB/FLEX
133646-138808,TE,Chase,Chase Curtis,Curtis,,0,4000,NYJ@TEN,NYJ,TEN,Q,Knee,,,,TE/FLEX
133646-208440,RB,Barika,Barika Kpeenu,Kpeenu,,0,4000,TB@CIN,TB,CIN,,,,,,RB/FLEX
133646-152128,WR,Dominic,Dominic Lovett,Lovett,0,1,4000,NO@DET,DET,NO,,,,,,WR/FLEX
133646-104008,TE,Stephen,Stephen Carlson,Carlson,,0,4000,CHI@CAR,CHI,CAR,,,,,,TE/FLEX
133646-138854,WR,Ke'Shawn,Ke'Shawn Williams,Williams,0,11,4000,TB@CIN,CIN,TB,,,,,,WR/FLEX
133646-206447,RB,Max,Max Hurleman,Hurleman,,0,4000,ATL@PIT,PIT,ATL,,,,,,RB/FLEX
133646-86646,RB,Trey,Trey Sermon,Sermon,0,1,4000,ATL@PIT,ATL,PIT,IR,Undisclosed,,,,RB/FLEX
133646-158338,WR,Max,Max Tomczak,Tomczak,,0,4000,BUF@HOU,BUF,HOU,,,,,,WR/FLEX
133646-135812,WR,Quentin,Quentin Skinner,Skinner,3.5,1,4000,BUF@HOU,BUF,HOU,,,,,,WR/FLEX
133646-141956,TE,Beau,Beau Gardner,Gardner,,0,4000,CHI@CAR,CHI,CAR,,,,,,TE/FLEX
133646-167561,WR,Antwane,Antwane Wells Jr.,Wells Jr.,,0,4000,ATL@PIT,ATL,PIT,,,,,,WR/FLEX
133646-93845,WR,Tay,Tay Martin,Martin,1.649999976158142,2,4000,NO@DET,DET,NO,,,,,,WR/FLEX
133646-152219,WR,Lewis,Lewis Bond,Bond,,0,4000,BUF@HOU,HOU,BUF,,,,,,WR/FLEX
133646-128681,TE,Caden,Caden Prieskorn,Prieskorn,,0,4000,CHI@CAR,CAR,CHI,,,,,,TE/FLEX
133646-152232,WR,Jordan,Jordan Moore,Moore,,0,4000,TB@CIN,CIN,TB,,,,,,WR/FLEX
133646-87731,WR,Dominique,Dominique Robinson,Robinson,0,12,4000,BUF@HOU,HOU,BUF,Q,Calf,,,,WR/FLEX
133646-69302,TE,Feleipe,Feleipe Franks,Franks,0.0800000011920929,5,4000,CHI@CAR,CAR,CHI,,,,,,TE/FLEX
133646-111325,RB,Ulysses,Ulysses Bentley IV,Bentley IV,0,1,4000,BAL@IND,IND,BAL,,,,,,RB/FLEX
133646-29411,TE,Pharaoh,Pharaoh Brown,Brown,0.36666667461395264,3,4000,BAL@IND,IND,BAL,,,,,,TE/FLEX
133646-104165,RB,Lew,Lew Nichols,Nichols,0,1,4000,ATL@PIT,PIT,ATL,,,,,,RB/FLEX
133646-252646,TE,Connor,Connor Hulstein,Hulstein,,0,4000,NYJ@TEN,NYJ,TEN,Q,Undisclosed,,,,TE/FLEX
133646-128759,WR,Keelan,Keelan Marion,Marion,,0,4000,ATL@PIT,ATL,PIT,,,,,,WR/FLEX
133646-56059,WR,Trent,Trent Sherfield Sr.,Sherfield Sr.,0.8999999761581421,4,4000,BUF@HOU,BUF,HOU,,,,,,WR/FLEX
133646-86778,TE,Devin,Devin Culp,Culp,3.549999952316284,2,4000,TB@CIN,TB,CIN,,,,,,TE/FLEX
133646-86780,RB,Salvon,Salvon Ahmed,Ahmed,,0,4000,CHI@CAR,CHI,CAR,,,,,,RB/FLEX
133646-226048,RB,Elijah,Elijah Tau-Tolliver,Tau-Tolliver,,0,4000,BAL@IND,BAL,IND,,,,,,RB/FLEX
133646-169733,TE,Carsen,Carsen Ryan,Ryan,,0,4000,CLE@JAC,CLE,JAC,,,,,,TE/FLEX
133646-174856,WR,Hank,Hank Beatty,Beatty,,0,4000,NYJ@TEN,TEN,NYJ,,,,,,WR/FLEX
133646-152333,WR,Malik,Malik McClain,McClain,,0,4000,NYJ@TEN,NYJ,TEN,,,,,,WR/FLEX
133646-71444,RB,Travis,Travis Homer,Homer,-0.04000000059604645,5,4000,ATL@PIT,PIT,ATL,,,,,,RB/FLEX
133646-152350,RB,Jamal,Jamal Haynes,Haynes,,0,4000,TB@CIN,CIN,TB,,,,,,RB/FLEX
133646-170783,WR,Omari,Omari Kelly,Kelly,,0,4000,CHI@CAR,CHI,CAR,,,,,,WR/FLEX
133646-167714,TE,Kenny,Kenny Fletcher Jr.,Fletcher Jr.,,0,4000,TB@CIN,TB,CIN,,,,,,TE/FLEX
133646-119584,TE,Carson,Carson Towt,Towt,,0,4000,BAL@IND,IND,BAL,IR,Undisclosed,,,,TE/FLEX
133646-71459,RB,Brittain,Brittain Brown,Brown,4.849999904632568,2,4000,CHI@CAR,CHI,CAR,IR,Undisclosed,,,,RB/FLEX
133646-158506,TE,Louis,Louis Hansen,Hansen,,0,4000,BUF@HOU,HOU,BUF,,,,,,TE/FLEX
133646-138028,RB,Kalel,Kalel Mullings,Mullings,0.23333332935969034,3,4000,NYJ@TEN,TEN,NYJ,,,,,,RB/FLEX
133646-103214,WR,Eli,Eli Pancol,Pancol,,0,4000,BAL@IND,IND,BAL,,,,,,WR/FLEX
133646-138039,TE,Matt,Matt Hibner,Hibner,,0,4000,BAL@IND,BAL,IND,,,,,,TE/FLEX
133646-201526,RB,Ian,Ian Wheeler,Wheeler,,0,4000,BUF@HOU,BUF,HOU,,,,,,RB/FLEX
133646-119615,RB,Roydell,Roydell Williams,Williams,,0,4000,NO@DET,DET,NO,,,,,,RB/FLEX
133646-120641,RB,Dominic,Dominic Richardson,Richardson,,0,4000,NYJ@TEN,NYJ,TEN,Q,Undisclosed,,,,RB/FLEX
133646-158529,WR,Josh,Josh Cameron,Cameron,,0,4000,CLE@JAC,JAC,CLE,,,,,,WR/FLEX
133646-185153,RB,Davon,Davon Booth,Booth,,0,4000,BAL@IND,IND,BAL,,,,,,RB/FLEX
133646-159559,WR,Roc,Roc Taylor,Taylor,,0,4000,CHI@CAR,CAR,CHI,,,,,,WR/FLEX
133646-69451,TE,Jack,Jack Stoll,Stoll,1.7000000476837158,8,4000,CLE@JAC,CLE,JAC,Q,Undisclosed,,,,TE/FLEX
133646-41806,WR,Laquon,Laquon Treadwell,Treadwell,0,5,4000,BAL@IND,IND,BAL,,,,,,WR/FLEX
133646-154445,WR,Sahmir,Sahmir Hagans,Hagans,,0,4000,BAL@IND,IND,BAL,,,,,,WR/FLEX
133646-178011,WR,Xavier,Xavier Guillory,Guillory,,0,4000,BAL@IND,BAL,IND,,,,,,WR/FLEX
133646-201561,WR,Cole,Cole Burgess,Burgess,,0,4000,ATL@PIT,PIT,ATL,IR,Undisclosed,,,,WR/FLEX
133646-119642,WR,Ja'Mori,Ja'Mori Maclin,Maclin,,0,4000,BUF@HOU,BUF,HOU,,,,,,WR/FLEX
133646-137058,WR,Trebor,Trebor Pena,Pena,,0,4000,CLE@JAC,JAC,CLE,,,,,,WR/FLEX
133646-66402,TE,Jack,Jack Driscoll,Driscoll,0,1,4000,ATL@PIT,PIT,ATL,IR,Undisclosed,,,,TE/FLEX
133646-139114,RB,Jabari,Jabari Small,Small,,0,4000,NO@DET,DET,NO,,,,,,RB/FLEX
133646-120684,WR,Garrett,Garrett Greene,Greene,,0,4000,TB@CIN,TB,CIN,,,,,,WR/FLEX
133646-166764,WR,Cam,Cam Camper,Camper,,0,4000,NYJ@TEN,NYJ,TEN,,,,,,WR/FLEX
133646-166770,WR,Kendrick,Kendrick Law,Law,,0,4000,NO@DET,DET,NO,IR,Knee - acl,,,,WR/FLEX
133646-119672,RB,Kendall,Kendall Milton,Milton,0.20000000298023224,1,4000,TB@CIN,CIN,TB,,,,,,RB/FLEX
133646-114557,WR,Cornelius,Cornelius Johnson,Johnson,,0,4000,BAL@IND,BAL,IND,,,,,,WR/FLEX
133646-185215,RB,Kadarius,Kadarius Calloway,Calloway,,0,4000,TB@CIN,TB,CIN,Q,Undisclosed,,,,RB/FLEX
133646-103302,WR,Courtney,Courtney Jackson,Jackson,,0,4000,NYJ@TEN,TEN,NYJ,,,,,,WR/FLEX
133646-160655,WR,Brock,Brock Rechsteiner,Rechsteiner,,0,4000,NO@DET,NO,DET,IR,Suspension,,,,WR/FLEX
133646-94094,TE,Brevin,Brevin Jordan,Jordan,0.8500000238418579,2,4000,BUF@HOU,HOU,BUF,Q,Knee,,,,TE/FLEX
133646-158610,TE,Drew,Drew Biber,Biber,,0,4000,CLE@JAC,CLE,JAC,,,,,,TE/FLEX
133646-64405,WR,Dan,Dan Chisena,Chisena,1.2999999523162842,4,4000,CHI@CAR,CAR,CHI,Q,Undisclosed,,,,WR/FLEX
133646-128920,RB,Noah,Noah Whittington,Whittington,,0,4000,BUF@HOU,HOU,BUF,,,,,,RB/FLEX
133646-176025,WR,Noah,Noah Thomas,Thomas,,0,4000,TB@CIN,CIN,TB,,,,,,WR/FLEX
133646-114591,TE,William,William Wagner,Wagner,,0,4000,TB@CIN,CIN,TB,,,,,,TE/FLEX
133646-94116,TE,Will,Will Mallory,Mallory,2.0999999046325684,1,4000,BAL@IND,IND,BAL,IR,Thumb,,,,TE/FLEX
133646-173988,RB,Alex,Alex Tecza,Tecza,,0,4000,ATL@PIT,PIT,ATL,,,,,,RB/FLEX
133646-119718,RB,Chip,Chip Trayanum,Trayanum,,0,4000,NYJ@TEN,NYJ,TEN,IR,Neck,,,,RB/FLEX
133646-184229,WR,Kole,Kole Wilson,Wilson,,0,4000,CLE@JAC,CLE,JAC,,,,,,WR/FLEX
133646-157609,WR,Gage,Gage Larvadain,Larvadain,0.7416666348775228,12,4000,CLE@JAC,CLE,JAC,,,,,,WR/FLEX
133646-167849,TE,Zach,Zach Horton,Horton,,0,4000,NO@DET,DET,NO,,,,,,TE/FLEX
133646-138156,TE,Joe,Joe Royer,Royer,,0,4000,CLE@JAC,CLE,JAC,IR,Personal,,,,TE/FLEX
133646-93107,RB,AJ,AJ Dillon,Dillon,1.2666666507720947,6,4000,CHI@CAR,CAR,CHI,,,,,,RB/FLEX
133646-187313,RB,Dontae,Dontae McMillan,McMillan,,0,4000,BAL@IND,BAL,IND,,,,,,RB/FLEX
133646-138169,TE,Jaheim,Jaheim Bell,Bell,0.75,4,4000,ATL@PIT,PIT,ATL,,,,,,TE/FLEX
133646-104388,WR,Tom,Tom Kennedy,Kennedy,0.9333333174387614,6,4000,NO@DET,DET,NO,,,,,,WR/FLEX
133646-95184,WR,Xavier,Xavier Johnson,Johnson,,0,4000,TB@CIN,CIN,TB,,,,,,WR/FLEX
133646-169937,WR,Lance,Lance McCutcheon,McCutcheon,,0,4000,NYJ@TEN,TEN,NYJ,,,,,,WR/FLEX
133646-96254,TE,Nick,Nick Muse,Muse,0,2,4000,ATL@PIT,ATL,PIT,,,,,,TE/FLEX
133646-12551,D,Tampa Bay,Tampa Bay Buccaneers,Buccaneers,5.823529411764706,17,3900,TB@CIN,TB,CIN,,,,,,DEF
133646-12525,D,Atlanta,Atlanta Falcons,Falcons,7.352941176470588,17,3700,ATL@PIT,ATL,PIT,,,,,,DEF
133646-12528,D,Cincinnati,Cincinnati Bengals,Bengals,4.764705882352941,17,3600,TB@CIN,CIN,TB,,,,,,DEF
133646-12529,D,Cleveland,Cleveland Browns,Browns,7.882352941176471,17,3500,CLE@JAC,CLE,JAC,,,,,,DEF
133646-12544,D,New York,New York Jets,Jets,2.764705882352941,17,3400,NYJ@TEN,NYJ,TEN,,,,,,DEF
133646-12553,D,Carolina,Carolina Panthers,Panthers,5.944444444444445,18,3300,CHI@CAR,CAR,CHI,,,,,,DEF
133646-12534,D,Tennessee,Tennessee Titans,Titans,5.117647058823529,17,3200,NYJ@TEN,TEN,NYJ,,,,,,DEF
133646-12535,D,Indianapolis,Indianapolis Colts,Colts,5.823529411764706,17,3200,BAL@IND,IND,BAL,,,,,,DEF
133646-12542,D,New Orleans,New Orleans Saints,Saints,7,17,3100,NO@DET,NO,DET,,,,,,DEF